Workbook

Sheet 00_Панель
A1: CLM Блок 4. Панель оценки руководителя
A3: Показатель | B3: Значение | C3: Норма | D3: Комментарий
A4: Клиент | B4: ='01_Ввод'!B4
A5: Руководитель | B5: ='01_Ввод'!B6
A6: Роль CLM | B6: ='01_Ввод'!B8
A7: Профиль готовности | B7: ='04_Расчет'!B5 | C7: 2.3+
A8: RRI / риск роли руководителя | B8: ='04_Расчет'!B6 | C8: 0-25
A9: Статус | B9: ='04_Расчет'!B7 | C9: GO / HOLD / NO-GO
A11: Контроль заполнения | F11: Что проверяет Блок 4
A12: Слой | B12: Заполненность / число | C12: Норма | D12: Комментарий | F12: Блок 4 не оценивает человека вообще. Он проверяет, может ли конкретный руководитель держать конкретную роль, мандат и системную задачу.
A13: Профиль | B13: ='04_Расчет'!B4 | C13: 100% | F13: Результат Блока 4 — управленческое решение: развить, усилить, перераспределить, заменить или наблюдать.
A14: Доказательства | B14: ='04_Расчет'!B9 | C14: 4+ | F14: Без доказательств оценка не считается надежной. Лист 03 обязателен для фактов.
A15: Критичные оси | B15: ='04_Расчет'!B8 | C15: 0
A17: Как пользоваться
A18: 1. Заполните 01_Ввод: руководитель, роль CLM, разрыв из Блока 3 и системную задачу.
A19: 2. На 02_Профиль поставьте оценки 0-3 по семи осям готовности.
A20: 3. На 03_Доказательства внесите факты. Без фактов оценка не считается надежной.
A21: 4. 04_Расчет не заполняется вручную.
A22: 5. На 05_Отчет выберите решение: развить, усилить, перераспределить, заменить или наблюдать.

Sheet 01_Ввод
A1: CLM Блок 4. Ввод оценки руководителя
A3: Поле | B3: Значение
A4: Клиент
A5: Дата оценки
A6: Руководитель
A7: Текущая должность
A8: Оцениваемая роль CLM
A9: Разрыв из Блока 3
A10: Системная задача роли
A11: Ответственный за оценку
A12: Комментарий
A14: Правило заполнения | D14: Подсказка
A15: 1 | B15: Оценивается не человек вообще, а соответствие руководителя конкретной роли и мандату. | D15: Оценивайте руководителя только относительно роли и мандата. Не пишите общие характеристики: сильный, слабый, токсичный, хороший.
A16: 2 | B16: Каждая оценка 0-3 должна иметь основание на листе 03_Доказательства. | D16: Если разрыв из Блока 3 не указан, оценка не имеет основания.
A17: 3 | B17: Если факта нет, лучше оставить поле пустым, чем имитировать точность.
A18: 4 | B18: Итоговое решение выбирается на листе 05_Отчет после расчёта профиля.

Sheet 02_Профиль
A1: Профиль готовности руководителя
A3: Ось | B3: Проверочный вопрос | C3: Оценка, 0-3 | D3: Вес | E3: Взвешенный балл | F3: Ключевой риск | G3: Комментарий / источник | H3: Статус
A4: Роль | B4: Понимает ли руководитель роль и границы ответственности? | D4: 1 | E4: =IF(C4="","",C4*D4) | H4: =IF(C4="","Не заполнено",IF(C4<1.5,"Критично",IF(C4<2.3,"Разрыв","ОК")))
A5: Мандат | B5: Есть ли право действовать без постоянного ручного согласования? | D5: 1 | E5: =IF(C5="","",C5*D5) | H5: =IF(C5="","Не заполнено",IF(C5<1.5,"Критично",IF(C5<2.3,"Разрыв","ОК")))
A6: Решения | B6: Принимает ли решения по роли, а не возвращает их наверх? | D6: 1 | E6: =IF(C6="","",C6*D6) | H6: =IF(C6="","Не заполнено",IF(C6<1.5,"Критично",IF(C6<2.3,"Разрыв","ОК")))
A7: Данные | B7: Опирается ли на факты и удерживает единую версию данных? | D7: 1 | E7: =IF(C7="","",C7*D7) | H7: =IF(C7="","Не заполнено",IF(C7<1.5,"Критично",IF(C7<2.3,"Разрыв","ОК")))
A8: Доверие | B8: Можно ли передать ответственность без лишнего контроля? | D8: 1 | E8: =IF(C8="","",C8*D8) | H8: =IF(C8="","Не заполнено",IF(C8<1.5,"Критично",IF(C8<2.3,"Разрыв","ОК")))
A9: AI / ИИ | B9: Готов ли работать с AI / ИИ как с управленческим контуром, а не модой? | D9: 1 | E9: =IF(C9="","",C9*D9) | H9: =IF(C9="","Не заполнено",IF(C9<1.5,"Критично",IF(C9<2.3,"Разрыв","ОК")))
A10: Риск назначения | B10: Какой риск возникает, если оставить текущую конфигурацию? | D10: 1 | E10: =IF(C10="","",C10*D10) | H10: =IF(C10="","Не заполнено",IF(C10<1.5,"Критично",IF(C10<2.3,"Разрыв","ОК")))

Sheet 03_Доказательства
A1: Доказательства оценки
A3: Тип доказательства | B3: Описание факта | C3: Источник | D3: Дата | E3: Связь с осью | F3: Сила факта, 0-3 | G3: Риск, 0-3 | H3: Комментарий

Sheet 04_Расчет
A1: Расчёт оценки руководителя
A3: Показатель | B3: Значение | C3: Норма | D3: Источник | E3: Комментарий | G3: Как читать расчет
A4: Заполненность профиля | B4: =IFERROR(COUNT('02_Профиль'!C4:C10)/7,0) | C4: 100% | D4: 02_Профиль | G4: RRI / риск роли руководителя — рабочий сигнал CLM. Он не является психологическим индексом.
A5: Средний профиль готовности | B5: =IFERROR(AVERAGE('02_Профиль'!C4:C10),"") | C5: 0-3 | D5: 02_Профиль | G5: Высокий риск означает, что текущая связка руководитель-рôle-мандат опасна для результата.
A6: RRI / риск роли руководителя | B6: =IF(B5="","",ROUND((3-B5)/3*100,0)) | C6: 0-100 | D6: Профиль + риск | E6: Чем выше, тем выше риск назначения
A7: Статус | B7: =IF(B6="","",IF(B6<=25,"GO / запускать",IF(B6<=50,"HOLD / пауза","NO-GO / остановить"))) | C7: GO / HOLD / NO-GO | D7: Порог RRI
A8: Критичных осей | B8: =COUNTIF('02_Профиль'!H4:H10,"Критично") | C8: 0 | D8: 02_Профиль
A9: Количество доказательств | B9: =COUNTA('03_Доказательства'!B4:B15) | C9: 4+ | D9: 03_Доказательства
A10: Средняя сила фактов | B10: =IFERROR(AVERAGE('03_Доказательства'!F4:F15),"") | C10: 0-3 | D10: 03_Доказательства
A11: Средний риск фактов | B11: =IFERROR(AVERAGE('03_Доказательства'!G4:G15),"") | C11: 0-3 | D11: 03_Доказательства
A12: Рекомендуемое решение | B12: ='05_Отчет'!B9 | C12: Ручной выбор | D12: 05_Отчет
A13: Дата обновления | B13: ='01_Ввод'!B5 | C13: Дата | D13: 01_Ввод

Sheet 05_Отчет
A1: Отчёт Блока 4
A3: Поле | B3: Вывод | F3: Формула вывода
A4: Клиент | B4: ='01_Ввод'!B4 | F4: Роль + мандат + факты → профиль готовности → RRI / риск роли → решение → план 30 / 60 / 90.
A5: Руководитель | B5: ='01_Ввод'!B6
A6: Роль CLM | B6: ='01_Ввод'!B8
A7: RRI / риск роли руководителя | B7: ='04_Расчет'!B6
A8: Статус | B8: ='04_Расчет'!B7
A9: Итоговое решение
A10: Комментарий консультанта
A12: Решение для 4 сторон
A13: Сторона | B13: Что показать | C13: Что не включать | D13: Решение
A14: CEO / генеральный директор | B14: Соответствует ли руководитель роли и что делать с мандатом | C14: Личностные ярлыки и слухи
A15: C-level-команда / первый управленческий круг | B15: Какие ожидания по роли, решениям и данным нужно закрепить | C15: Закрытые персональные риски
A16: Владелец компании | B16: Риск назначения и влияние на управляемость | C16: Мелкие рабочие замечания
A17: Board / совет директоров | B17: Статус риска и управленческое решение | C17: Детали интервью и персональные оценки
A19: План 30 / 60 / 90
A20: Горизонт | B20: Цель | C20: Действие | D20: Метрика
A21: 30 дней | B21: Проверить решение
A22: 60 дней | B22: Закрепить мандат или перераспределение
A23: 90 дней | B23: Проверить устойчивость результата

Sheet 90_Справочник
A1: Решение | B1: Смысл | D1: Оценка | E1: Риск | F1: Статус | H1: Тип доказательства | I1: Описание
A2: Развить | B2: Руководитель в целом соответствует роли; нужны точечные улучшения. | D2: 0 | E2: 0 | F2: GO / запускать | H2: Факт решения | I2: Что было выбрано, кем, на каких данных и с каким последствием.
A3: Усилить | B3: Роль важна, но нужны опора, данные, мандат или второй контур. | D3: 1 | E3: 1 | F3: HOLD / пауза | H3: Факт мандата | I3: Где руководитель реально имеет право действовать, а где только формально числится владельцем.
A4: Перераспределить | B4: Часть мандата нужно передать другой роли или разделить. | D4: 2 | E4: 2 | F4: NO-GO / остановить | H4: Факт поведения | I4: Как руководитель действует при неопределенности, конфликте функций и дефиците данных.
A5: Заменить | B5: Риск для результата выше, чем потенциал развития в текущей роли. | D5: 3 | E5: 3 | H5: Факт риска | I5: Какой ущерб или задержка возникнут, если оставить текущую конфигурацию без изменения.
A6: Наблюдать | B6: Фактов недостаточно; нужен короткий период проверки.
