Workbook

Sheet 00_Панель
A1: CLM Блок 9. Панель AI / ИИ-контура
A3: Показатель | B3: Значение | C3: Норма | D3: Комментарий
A4: Клиент | B4: =IF('01_Ввод'!B4="","",'01_Ввод'!B4)
A5: Заполненность допуска | B5: ='04_Расчет'!B4 | C5: 80%+
A6: Сценариев GO / запускать | B6: ='04_Расчет'!B5 | C6: 1+
A7: Сценариев NO-GO / не запускать | B7: =IF('04_Расчет'!B12="","Нет данных",'04_Расчет'!B7) | C7: 0
A8: Критичные зоны контроля | B8: =IF('04_Расчет'!B12="","Нет данных",'04_Расчет'!B11) | C8: 0
A9: AI / ИИ Readiness Score | B9: ='04_Расчет'!B12 | C9: 75+
A10: Статус | B10: ='04_Расчет'!B13 | C10: GO / HOLD / NO-GO
A12: Контроль заполнения | F12: Что проверяет Блок 9
A13: Слой | B13: Заполненность / число | C13: Норма | D13: Комментарий | F13: Блок 9 проверяет управленческий допуск AI / ИИ, а не выбор модной платформы.
A14: Допуск сценариев | B14: ='04_Расчет'!B4 | C14: 80%+ | F14: Сценарий запускается только при понятной задаче, владельце, данных, человеческом контроле, экономике и риске.
A15: Контроль данных и риска | B15: ='04_Расчет'!B9 | C15: 80%+ | F15: AI / ИИ готовит, сравнивает и предупреждает. Решение принимает роль с мандатом.
A16: NO-GO + критичные зоны | B16: =IF('04_Расчет'!B12="","Нет данных",'04_Расчет'!B7+'04_Расчет'!B11) | C16: 0
A18: Как пользоваться
A19: 1. Заполните 01_Ввод: входы из Блоков 5–8, владелец и главная управленческая задача.
A20: 2. На 02_Сценарии проверьте каждый AI / ИИ-сценарий через задачу, владельца, данные, контроль, экономику и Kill-list.
A21: 3. На 03_Контроль проверьте данные, след решения, человека в контуре, fallback / резерв и риск ошибки.
A22: 4. 04_Расчет не заполняется вручную.
A23: 5. На 05_Отчет выберите следующий блок: чаще всего Блок 10 для панели управляемости.

Sheet 01_Ввод
A1: CLM Блок 9. Ввод AI / ИИ-контура
A3: Поле | B3: Значение
A4: Клиент
A5: Дата запуска
A6: Вывод из Блока 5: Decision OS / система решений
A7: Вывод из Блока 6: данные и синхронизация
A8: Вывод из Блока 7: устойчивость / риск отказа
A9: Вывод из Блока 8: лидерский мандат
A10: Главная управленческая задача для AI / ИИ
A11: C-level-владелец AI / ИИ-контура
A12: Куратор данных / риска
A13: Комментарий
A15: Правило заполнения
A16: 1 | B16: Блок 9 не выбирает AI / ИИ-платформу. Он проверяет управленческий допуск сценария.
A17: 2 | B17: AI / ИИ не принимает решение вместо роли с мандатом.
A18: 3 | B18: Сценарий не запускается без владельца, данных, человеческого контроля и экономики.
A19: 4 | B19: Допущенные сценарии передаются в Блок 10 как управляемые показатели.

Sheet 02_Сценарии
A1: Допуск AI / ИИ-сценариев
A3: AI / ИИ-сценарий | B3: Управленческая задача | C3: C-level-владелец | D3: Этап Decision OS | E3: Данные готовы 0-3 | F3: Мандат владельца 0-3 | G3: Человеческий контроль 0-3 | H3: Экономика понятна 0-3 | I3: Kill-list нарушен? Да/Нет | J3: Комментарий / источник | K3: Балл допуска | L3: Статус
A4: AI / ИИ-подготовка вариантов управленческого решения | B4: Подготовить варианты, риски и вопросы для роли | K4: =IF(COUNTA(E4:I4)<5,"",IF(I4="Да",0,ROUND(AVERAGE(E4:H4),1))) | L4: =IF(K4="","Не заполнено",IF(I4="Да","NO-GO / не запускать",IF(K4>=2.4,"GO / запускать",IF(K4>=1.6,"HOLD / пауза","NO-GO / не запускать"))))
A5: AI / ИИ-резюме Data Pack / пакета данных | B5: Сжать данные до управленческого резюме | K5: =IF(COUNTA(E5:I5)<5,"",IF(I5="Да",0,ROUND(AVERAGE(E5:H5),1))) | L5: =IF(K5="","Не заполнено",IF(I5="Да","NO-GO / не запускать",IF(K5>=2.4,"GO / запускать",IF(K5>=1.6,"HOLD / пауза","NO-GO / не запускать"))))
A6: AI / ИИ-ранний сигнал риска | B6: Поймать слабый сигнал до потери управляемости | K6: =IF(COUNTA(E6:I6)<5,"",IF(I6="Да",0,ROUND(AVERAGE(E6:H6),1))) | L6: =IF(K6="","Не заполнено",IF(I6="Да","NO-GO / не запускать",IF(K6>=2.4,"GO / запускать",IF(K6>=1.6,"HOLD / пауза","NO-GO / не запускать"))))
A7: AI / ИИ-контроль исполнения решения | B7: Отслеживать выполнение решения и отклонения | K7: =IF(COUNTA(E7:I7)<5,"",IF(I7="Да",0,ROUND(AVERAGE(E7:H7),1))) | L7: =IF(K7="","Не заполнено",IF(I7="Да","NO-GO / не запускать",IF(K7>=2.4,"GO / запускать",IF(K7>=1.6,"HOLD / пауза","NO-GO / не запускать"))))
A8: AI / ИИ-обзор клиентских сигналов | B8: Собрать сигналы рынка и клиентов для C-level | K8: =IF(COUNTA(E8:I8)<5,"",IF(I8="Да",0,ROUND(AVERAGE(E8:H8),1))) | L8: =IF(K8="","Не заполнено",IF(I8="Да","NO-GO / не запускать",IF(K8>=2.4,"GO / запускать",IF(K8>=1.6,"HOLD / пауза","NO-GO / не запускать"))))
A9: AI / ИИ-поиск противоречий в данных | B9: Найти конфликт источников до обсуждения решения | K9: =IF(COUNTA(E9:I9)<5,"",IF(I9="Да",0,ROUND(AVERAGE(E9:H9),1))) | L9: =IF(K9="","Не заполнено",IF(I9="Да","NO-GO / не запускать",IF(K9>=2.4,"GO / запускать",IF(K9>=1.6,"HOLD / пауза","NO-GO / не запускать"))))
A10: AI / ИИ-сценарное моделирование | B10: Сравнить варианты развития ситуации | K10: =IF(COUNTA(E10:I10)<5,"",IF(I10="Да",0,ROUND(AVERAGE(E10:H10),1))) | L10: =IF(K10="","Не заполнено",IF(I10="Да","NO-GO / не запускать",IF(K10>=2.4,"GO / запускать",IF(K10>=1.6,"HOLD / пауза","NO-GO / не запускать"))))
A11: AI / ИИ-поддержка совещания C-level | B11: Собрать повестку, решения, владельцев и открытые вопросы | K11: =IF(COUNTA(E11:I11)<5,"",IF(I11="Да",0,ROUND(AVERAGE(E11:H11),1))) | L11: =IF(K11="","Не заполнено",IF(I11="Да","NO-GO / не запускать",IF(K11>=2.4,"GO / запускать",IF(K11>=1.6,"HOLD / пауза","NO-GO / не запускать"))))
A12: AI / ИИ-карта рисков | B12: Собрать риск-сигналы по решениям и мандатам | K12: =IF(COUNTA(E12:I12)<5,"",IF(I12="Да",0,ROUND(AVERAGE(E12:H12),1))) | L12: =IF(K12="","Не заполнено",IF(I12="Да","NO-GO / не запускать",IF(K12>=2.4,"GO / запускать",IF(K12>=1.6,"HOLD / пауза","NO-GO / не запускать"))))
A13: AI / ИИ-генерация решения без владельца | B13: Запрещённый сценарий: подмена управленческого решения | K13: =IF(COUNTA(E13:I13)<5,"",IF(I13="Да",0,ROUND(AVERAGE(E13:H13),1))) | L13: =IF(K13="","Не заполнено",IF(I13="Да","NO-GO / не запускать",IF(K13>=2.4,"GO / запускать",IF(K13>=1.6,"HOLD / пауза","NO-GO / не запускать"))))

Sheet 03_Контроль
A1: Данные, контроль, экономика и риск
A3: AI / ИИ-сценарий | B3: Источник данных | C3: Качество данных 0-3 | D3: След решения 0-3 | E3: Кто валидирует | F3: HITL/HOTL 0-3 | G3: Fallback / резерв 0/1 | H3: Ожидаемый эффект | I3: Стоимость / сложность 0-3 | J3: Риск ошибки 0-3 | K3: Балл контроля | L3: Статус
A4: AI / ИИ-подготовка вариантов управленческого решения | K4: =IF(COUNTA(C4:J4)<6,"",ROUND((C4+D4+F4+G4*3+(3-I4)+(3-J4))/6,1)) | L4: =IF(K4="","Не заполнено",IF(K4>=2.4,"ОК",IF(K4>=1.6,"Риск","Критично")))
A5: AI / ИИ-резюме Data Pack / пакета данных | K5: =IF(COUNTA(C5:J5)<6,"",ROUND((C5+D5+F5+G5*3+(3-I5)+(3-J5))/6,1)) | L5: =IF(K5="","Не заполнено",IF(K5>=2.4,"ОК",IF(K5>=1.6,"Риск","Критично")))
A6: AI / ИИ-ранний сигнал риска | K6: =IF(COUNTA(C6:J6)<6,"",ROUND((C6+D6+F6+G6*3+(3-I6)+(3-J6))/6,1)) | L6: =IF(K6="","Не заполнено",IF(K6>=2.4,"ОК",IF(K6>=1.6,"Риск","Критично")))
A7: AI / ИИ-контроль исполнения решения | K7: =IF(COUNTA(C7:J7)<6,"",ROUND((C7+D7+F7+G7*3+(3-I7)+(3-J7))/6,1)) | L7: =IF(K7="","Не заполнено",IF(K7>=2.4,"ОК",IF(K7>=1.6,"Риск","Критично")))
A8: AI / ИИ-обзор клиентских сигналов | K8: =IF(COUNTA(C8:J8)<6,"",ROUND((C8+D8+F8+G8*3+(3-I8)+(3-J8))/6,1)) | L8: =IF(K8="","Не заполнено",IF(K8>=2.4,"ОК",IF(K8>=1.6,"Риск","Критично")))
A9: AI / ИИ-поиск противоречий в данных | K9: =IF(COUNTA(C9:J9)<6,"",ROUND((C9+D9+F9+G9*3+(3-I9)+(3-J9))/6,1)) | L9: =IF(K9="","Не заполнено",IF(K9>=2.4,"ОК",IF(K9>=1.6,"Риск","Критично")))
A10: AI / ИИ-сценарное моделирование | K10: =IF(COUNTA(C10:J10)<6,"",ROUND((C10+D10+F10+G10*3+(3-I10)+(3-J10))/6,1)) | L10: =IF(K10="","Не заполнено",IF(K10>=2.4,"ОК",IF(K10>=1.6,"Риск","Критично")))
A11: AI / ИИ-поддержка совещания C-level | K11: =IF(COUNTA(C11:J11)<6,"",ROUND((C11+D11+F11+G11*3+(3-I11)+(3-J11))/6,1)) | L11: =IF(K11="","Не заполнено",IF(K11>=2.4,"ОК",IF(K11>=1.6,"Риск","Критично")))
A12: AI / ИИ-карта рисков | K12: =IF(COUNTA(C12:J12)<6,"",ROUND((C12+D12+F12+G12*3+(3-I12)+(3-J12))/6,1)) | L12: =IF(K12="","Не заполнено",IF(K12>=2.4,"ОК",IF(K12>=1.6,"Риск","Критично")))
A13: AI / ИИ-генерация решения без владельца | K13: =IF(COUNTA(C13:J13)<6,"",ROUND((C13+D13+F13+G13*3+(3-I13)+(3-J13))/6,1)) | L13: =IF(K13="","Не заполнено",IF(K13>=2.4,"ОК",IF(K13>=1.6,"Риск","Критично")))

Sheet 04_Расчет
A1: Расчёт AI / ИИ-контура
A3: Показатель | B3: Значение | C3: Норма | D3: Источник | E3: Комментарий | G3: Как читать расчет
A4: Заполненность допуска | B4: =IFERROR(COUNT('02_Сценарии'!K4:K13)/10,0) | C4: 80%+ | D4: 02_Сценарии | G4: AI / ИИ Readiness Score показывает, можно ли переводить сценарии в управляемый контур CLM.
A5: Сценариев GO / запускать | B5: =COUNTIF('02_Сценарии'!L4:L13,"GO / запускать") | C5: 1+ | D5: 02_Сценарии | G5: Даже при хорошем среднем балле NO-GO / не запускать и критичный контроль требуют отдельного решения.
A6: Сценариев HOLD / пауза | B6: =COUNTIF('02_Сценарии'!L4:L13,"HOLD / пауза") | C6: контроль | D6: 02_Сценарии
A7: Сценариев NO-GO / не запускать | B7: =COUNTIF('02_Сценарии'!L4:L13,"NO-GO / не запускать") | C7: 0 | D7: 02_Сценарии
A8: Средний балл допуска | B8: =IFERROR(AVERAGE('02_Сценарии'!K4:K13),"") | C8: 2.4+ | D8: 02_Сценарии
A9: Заполненность контроля | B9: =IFERROR(COUNT('03_Контроль'!K4:K13)/10,0) | C9: 80%+ | D9: 03_Контроль
A10: Средний балл контроля | B10: =IFERROR(AVERAGE('03_Контроль'!K4:K13),"") | C10: 2.4+ | D10: 03_Контроль
A11: Критичных зон контроля | B11: =COUNTIF('03_Контроль'!L4:L13,"Критично") | C11: 0 | D11: 03_Контроль
A12: AI / ИИ Readiness Score | B12: =IF(OR(B4<0.8,B9<0.8),"",ROUND((B8/3*0.55+B10/3*0.45)*100-IF(B7+B11>0,10,0),0)) | C12: 75+ | D12: Сводный показатель
A13: Статус | B13: =IF(B12="","",IF(B12>=75,"GO / запускать",IF(B12>=50,"HOLD / пауза","NO-GO / остановить"))) | C13: GO / HOLD / NO-GO | D13: Порог Score
A14: Главный риск | B14: =IF(B12="","Недостаточно данных",IF(B7+B11>0,"Есть NO-GO сценарии или критичный контроль",IF(B5=0,"Нет сценариев GO / запускать",IF(B10<2.4,"Слабые данные, контроль или fallback","AI / ИИ-контур управляем")))) | C14: Автовывод | D14: Score + критичные зоны
A15: Рекомендуемый следующий блок | B15: ='05_Отчет'!B9 | C15: Ручной выбор | D15: 05_Отчет
A16: Дата обновления | B16: =IF('01_Ввод'!B5="","",'01_Ввод'!B5) | C16: Дата | D16: 01_Ввод

Sheet 05_Отчет
A1: Отчёт Блока 9
A3: Поле | B3: Вывод | F3: Формула вывода
A4: Клиент | B4: =IF('01_Ввод'!B4="","",'01_Ввод'!B4) | F4: Задача → владелец → данные → AI / ИИ-вывод → человеческий контроль → экономика и риск → Блок 10.
A5: AI / ИИ Readiness Score | B5: ='04_Расчет'!B12
A6: Статус | B6: ='04_Расчет'!B13
A7: Главный риск | B7: ='04_Расчет'!B14
A8: Рекомендуемый следующий блок
A9: Комментарий консультанта
A10: Первое действие 30 дней
A12: Решение для 4 сторон
A13: Сторона | B13: Что показать | C13: Что не включать | D13: Решение
A14: CEO / генеральный директор | B14: Какие AI / ИИ-сценарии допустимы и кто отвечает за решение | C14: Каталог модных инструментов без управленческого эффекта
A15: C-level-команда / первый управленческий круг | B15: Роли, данные, контроль, Decision OS / систему решений и границы AI / ИИ | C15: Обещание, что AI / ИИ решит проблемы вместо команды
A16: Владелец компании | B16: Экономику, риск и управляемость AI / ИИ-контура | C16: Технические детали без управленческого риска
A17: Board / совет директоров | B17: Статус допуска, риск, контроль и передачу показателей в Блок 10 | C17: Непроверенные заявления о ROI
A19: План 30 / 60 / 90
A20: Горизонт | B20: Цель | C20: Действие | D20: Метрика
A21: 30 дней | B21: Закрыть допуск и владельцев первых сценариев
A22: 60 дней | B22: Проверить данные, человеческий контроль и fallback / резерв
A23: 90 дней | B23: Передать показатели в Блок 10 и решить масштабирование

Sheet 90_Справочник
A1: Сценарий | B1: Управленческая задача | D1: Этап Decision OS / системы решений | E1: Как используется AI / ИИ | G1: Сигнал | H1: Следующий блок | I1: Когда нужен
A2: AI / ИИ-подготовка вариантов управленческого решения | B2: Подготовить варианты, риски и вопросы для роли | D2: Data Pack / пакет данных | E2: AI / ИИ готовит или проверяет данные до решения. | G2: Есть допущенные AI / ИИ-сценарии | H2: Блок 10 | I2: Передать статус, владельца, данные, риск и эффект в панель.
A3: AI / ИИ-резюме Data Pack / пакета данных | B3: Сжать данные до управленческого резюме | D3: Discuss / обсуждение | E3: AI / ИИ готовит варианты, вопросы и риски. | G3: Нужен план внедрения 30 / 60 / 90 | H3: Блок 11 | I3: Развернуть допущенные сценарии в дорожную карту.
A4: AI / ИИ-ранний сигнал риска | B4: Поймать слабый сигнал до потери управляемости | D4: Decide / решение | E4: AI / ИИ не принимает решение вместо роли. | G4: Нужны шаблоны промптов, журналов и проверок | H4: Блок 12 | I4: Закрепить рабочие артефакты AI / ИИ-контура.
A5: AI / ИИ-контроль исполнения решения | B5: Отслеживать выполнение решения и отклонения | D5: Commit / фиксация | E5: AI / ИИ помогает закрепить решение, владельца и сроки. | G5: Нет владельца или данных | H5: Блок 8 / Блок 5 | I5: Вернуться к мандатам или Decision OS / системе решений.
A6: AI / ИИ-обзор клиентских сигналов | B6: Собрать сигналы рынка и клиентов для C-level | D6: Review / разбор | E6: AI / ИИ помогает найти уроки, ошибки и повторяемые сигналы.
A7: AI / ИИ-поиск противоречий в данных | B7: Найти конфликт источников до обсуждения решения
A8: AI / ИИ-сценарное моделирование | B8: Сравнить варианты развития ситуации
A9: AI / ИИ-поддержка совещания C-level | B9: Собрать повестку, решения, владельцев и открытые вопросы
A10: AI / ИИ-карта рисков | B10: Собрать риск-сигналы по решениям и мандатам
A11: AI / ИИ-генерация решения без владельца | B11: Запрещённый сценарий: подмена управленческого решения
