Workbook

Sheet 00_Панель
A1: CLM Блок 7. Панель устойчивости
A3: Показатель | B3: Значение | C3: Норма | D3: Комментарий
A4: Клиент | B4: =IF('01_Ввод'!B4="","",'01_Ввод'!B4)
A5: Заполненность карты шоков | B5: ='04_Расчет'!B4 | C5: 80%+
A6: Средний риск шоков | B6: ='04_Расчет'!B5 | C6: 0-1
A7: Критичные зоны | B7: =IF('04_Расчет'!B9="","Нет данных",'04_Расчет'!B6+'04_Расчет'!B8) | C7: 0
A8: Resilience Score | B8: ='04_Расчет'!B9 | C8: 75+
A9: Статус | B9: ='04_Расчет'!B10 | C9: GO / HOLD / NO-GO
A11: Контроль заполнения | F11: Что проверяет Блок 7
A12: Слой | B12: Заполненность / число | C12: Норма | D12: Комментарий | F12: Блок 7 проверяет не наличие антикризисного документа, а способность C-level-команды удержать решения, роли, данные и ритм под нагрузкой.
A13: Карта шоков | B13: ='04_Расчет'!B4 | C13: 80%+ | F13: Главный вопрос: где система ломается при шоке, какой есть резерв и кто запускает Recovery Loop / контур восстановления.
A14: Критические зависимости | B14: ='04_Расчет'!B7 | C14: 1+ | F14: Если устойчивость держится на CEO, вывод уходит в Блок 8. Если ломаются данные или AI / ИИ, вывод уходит в Блок 9.
A15: Критичные зоны | B15: =IF('04_Расчет'!B9="","Нет данных",'04_Расчет'!B6+'04_Расчет'!B8) | C15: 0
A17: Как пользоваться
A18: 1. Заполните 01_Ввод: входы из Блоков 3–6 и главный сценарий нагрузки.
A19: 2. На 02_Шоки оцените 8 сценариев: готовность, вероятность, удар.
A20: 3. На 03_Резервы заполните критические зависимости, резервы и Recovery Loop / контур восстановления.
A21: 4. 04_Расчет не заполняется вручную.
A22: 5. На 05_Отчет выберите следующий блок: чаще всего Блок 8, если устойчивость держится на CEO.

Sheet 01_Ввод
A1: CLM Блок 7. Ввод устойчивости C-level-ядра
A3: Поле | B3: Значение
A4: Клиент
A5: Дата запуска
A6: Разрыв из Блока 3
A7: Риск роли из Блока 4
A8: Сбой Decision OS из Блока 5
A9: Сбой синхронизации из Блока 6
A10: Главный сценарий нагрузки
A11: Владелец устойчивости
A12: Комментарий
A14: Правило заполнения
A15: 1 | B15: Блок 7 не строит полный каталог кризисов. Достаточно 8–10 сценариев для проверки управляемости.
A16: 2 | B16: Проверяется не героизм команды, а способность C-level-ядра сохранить решения, данные, доверие и ритм.
A17: 3 | B17: Критическая зависимость должна иметь резерв или обходной маршрут.
A18: 4 | B18: Если устойчивость держится на CEO, это вход в Блок 8.

Sheet 02_Шоки
A1: Карта шоков и стресс-тест C-level
A3: Тип шока | B3: Описание | C3: Затронутые роли | D3: Какие решения ломаются | E3: Какие данные нужны | F3: Текущая готовность, 0-3 | G3: Вероятность, 0-3 | H3: Удар, 0-3 | I3: Комментарий / источник | J3: Балл риска | K3: Статус
A4: Денежный шок | B4: Кассовый разрыв, долговой стресс, дефицит ликвидности | J4: =IF(COUNTA(F4:H4)<3,"",ROUND(((3-F4)+G4+H4)/3,1)) | K4: =IF(J4="","Не заполнено",IF(J4>=2.3,"Критично",IF(J4>=1.5,"Разрыв","ОК")))
A5: Рыночный шок | B5: Падение спроса, потеря канала, изменение поведения клиента | J5: =IF(COUNTA(F5:H5)<3,"",ROUND(((3-F5)+G5+H5)/3,1)) | K5: =IF(J5="","Не заполнено",IF(J5>=2.3,"Критично",IF(J5>=1.5,"Разрыв","ОК")))
A6: Операционный сбой | B6: Производство, логистика, качество, нарушение сроков | J6: =IF(COUNTA(F6:H6)<3,"",ROUND(((3-F6)+G6+H6)/3,1)) | K6: =IF(J6="","Не заполнено",IF(J6>=2.3,"Критично",IF(J6>=1.5,"Разрыв","ОК")))
A7: Кадровый шок | B7: Потеря ключевого лидера, конфликт, перегруз команды | J7: =IF(COUNTA(F7:H7)<3,"",ROUND(((3-F7)+G7+H7)/3,1)) | K7: =IF(J7="","Не заполнено",IF(J7>=2.3,"Критично",IF(J7>=1.5,"Разрыв","ОК")))
A8: AI / ИИ или технологический сбой | B8: Данные, системы, безопасность, автоматизация | J8: =IF(COUNTA(F8:H8)<3,"",ROUND(((3-F8)+G8+H8)/3,1)) | K8: =IF(J8="","Не заполнено",IF(J8>=2.3,"Критично",IF(J8>=1.5,"Разрыв","ОК")))
A9: Регуляторный / правовой шок | B9: Комплаенс, проверки, ограничения, юридический риск | J9: =IF(COUNTA(F9:H9)<3,"",ROUND(((3-F9)+G9+H9)/3,1)) | K9: =IF(J9="","Не заполнено",IF(J9>=2.3,"Критично",IF(J9>=1.5,"Разрыв","ОК")))
A10: Репутационный шок | B10: Публичный конфликт, клиентский инцидент, доверие рынка | J10: =IF(COUNTA(F10:H10)<3,"",ROUND(((3-F10)+G10+H10)/3,1)) | K10: =IF(J10="","Не заполнено",IF(J10>=2.3,"Критично",IF(J10>=1.5,"Разрыв","ОК")))
A11: Партнёрский шок | B11: Поставщик, подрядчик, банк, платформа, критичный внешний контур | J11: =IF(COUNTA(F11:H11)<3,"",ROUND(((3-F11)+G11+H11)/3,1)) | K11: =IF(J11="","Не заполнено",IF(J11>=2.3,"Критично",IF(J11>=1.5,"Разрыв","ОК")))

Sheet 03_Резервы
A1: Критические зависимости, резервы и Recovery Loop
A3: Зависимость | B3: Что сломается | C3: Владелец | D3: Резерв / обходной маршрут | E3: Готовность резерва, 0-3 | F3: Recovery Loop / этап | G3: Кризисный ритм | H3: Риск, 0-3 | I3: Комментарий | J3: Статус
J4: =IF(A4="","",IF(OR(E4="",H4=""),"Не заполнено",IF(((3-E4)+H4)/2>=2.3,"Критично",IF(((3-E4)+H4)/2>=1.5,"Разрыв","ОК"))))
J5: =IF(A5="","",IF(OR(E5="",H5=""),"Не заполнено",IF(((3-E5)+H5)/2>=2.3,"Критично",IF(((3-E5)+H5)/2>=1.5,"Разрыв","ОК"))))
J6: =IF(A6="","",IF(OR(E6="",H6=""),"Не заполнено",IF(((3-E6)+H6)/2>=2.3,"Критично",IF(((3-E6)+H6)/2>=1.5,"Разрыв","ОК"))))
J7: =IF(A7="","",IF(OR(E7="",H7=""),"Не заполнено",IF(((3-E7)+H7)/2>=2.3,"Критично",IF(((3-E7)+H7)/2>=1.5,"Разрыв","ОК"))))
J8: =IF(A8="","",IF(OR(E8="",H8=""),"Не заполнено",IF(((3-E8)+H8)/2>=2.3,"Критично",IF(((3-E8)+H8)/2>=1.5,"Разрыв","ОК"))))
J9: =IF(A9="","",IF(OR(E9="",H9=""),"Не заполнено",IF(((3-E9)+H9)/2>=2.3,"Критично",IF(((3-E9)+H9)/2>=1.5,"Разрыв","ОК"))))
J10: =IF(A10="","",IF(OR(E10="",H10=""),"Не заполнено",IF(((3-E10)+H10)/2>=2.3,"Критично",IF(((3-E10)+H10)/2>=1.5,"Разрыв","ОК"))))
J11: =IF(A11="","",IF(OR(E11="",H11=""),"Не заполнено",IF(((3-E11)+H11)/2>=2.3,"Критично",IF(((3-E11)+H11)/2>=1.5,"Разрыв","ОК"))))
J12: =IF(A12="","",IF(OR(E12="",H12=""),"Не заполнено",IF(((3-E12)+H12)/2>=2.3,"Критично",IF(((3-E12)+H12)/2>=1.5,"Разрыв","ОК"))))
J13: =IF(A13="","",IF(OR(E13="",H13=""),"Не заполнено",IF(((3-E13)+H13)/2>=2.3,"Критично",IF(((3-E13)+H13)/2>=1.5,"Разрыв","ОК"))))

Sheet 04_Расчет
A1: Расчёт устойчивости
A3: Показатель | B3: Значение | C3: Норма | D3: Источник | E3: Комментарий | G3: Как читать расчет
A4: Заполненность карты шоков | B4: =IFERROR(COUNT('02_Шоки'!J4:J11)/8,0) | C4: 80%+ | D4: 02_Шоки | G4: Resilience Score / оценка устойчивости не заменяет управленческое решение: он показывает, где команда теряет управляемость под нагрузкой.
A5: Средний риск шоков | B5: =IFERROR(AVERAGE('02_Шоки'!J4:J11),"") | C5: 0-3 | D5: 02_Шоки | G5: Критичные зависимости важнее красивого среднего балла. Если есть хотя бы одна критичная зависимость, нужен конкретный план восстановления.
A6: Критичных шоков | B6: =COUNTIF('02_Шоки'!K4:K11,"Критично") | C6: 0 | D6: 02_Шоки
A7: Количество зависимостей | B7: =COUNTA('03_Резервы'!A4:A13) | C7: 1+ | D7: 03_Резервы
A8: Критичных зависимостей | B8: =COUNTIF('03_Резервы'!J4:J13,"Критично") | C8: 0 | D8: 03_Резервы
A9: Resilience Score | B9: =IF(B4<0.8,"",ROUND((3-B5)/3*100-IF(B6+B8>0,10,0),0)) | C9: 75+ | D9: Сводный показатель
A10: Статус | B10: =IF(B9="","",IF(B9>=75,"GO / запускать",IF(B9>=50,"HOLD / пауза","NO-GO / остановить"))) | C10: GO / HOLD / NO-GO | D10: Порог Score
A11: Главный риск | B11: =IF(B9="","Недостаточно данных",IF(B6+B8>0,"Есть критичные шоки или зависимости",IF(B9<50,"C-level-ядро не держит нагрузку",IF(B9<75,"Есть значимые разрывы резервов или Recovery Loop","Разрывы локальны")))) | C11: Автовывод | D11: Score + критичные зоны
A12: Рекомендуемый следующий блок | B12: ='05_Отчет'!B9 | C12: Ручной выбор | D12: 05_Отчет
A13: Дата обновления | B13: =IF('01_Ввод'!B5="","",'01_Ввод'!B5) | C13: Дата | D13: 01_Ввод

Sheet 05_Отчет
A1: Отчёт Блока 7
A3: Поле | B3: Вывод | F3: Формула вывода
A4: Клиент | B4: =IF('01_Ввод'!B4="","",'01_Ввод'!B4) | F4: Шок → сломанное решение → критическая зависимость → резерв → Recovery Loop / контур восстановления → следующий блок CLM.
A5: Resilience Score | B5: ='04_Расчет'!B9
A6: Статус | B6: ='04_Расчет'!B10
A7: Главный риск | B7: ='04_Расчет'!B11
A8: Рекомендуемый следующий блок
A9: Комментарий консультанта
A10: Первое действие 48 часов
A12: Решение для 4 сторон
A13: Сторона | B13: Что показать | C13: Что не включать | D13: Решение
A14: CEO / генеральный директор | B14: Какие шоки и зависимости угрожают управляемости | C14: Панический список всех возможных кризисов
A15: C-level-команда / первый управленческий круг | B15: Резервы, Recovery Loop / контур восстановления и кризисный ритм | C15: Виноватых за потенциальный сбой
A16: Владелец компании | B16: Критические зависимости и риск потери управляемости | C16: Операционные мелочи без системного риска
A17: Board / совет директоров | B17: Статус устойчивости и лидерские риски для Блока 8 | C17: Непроверенные сценарные фантазии
A19: План 48 часов / 30 / 90
A20: Горизонт | B20: Цель | C20: Действие | D20: Метрика
A21: 48 часов | B21: Увидеть шок и включить кризисный ритм
A22: 30 дней | B22: Закрыть критические зависимости и резервы
A23: 90 дней | B23: Закрепить Recovery Loop и передать лидерские риски в Блок 8

Sheet 90_Справочник
A1: Тип шока | B1: Описание | D1: Оценка | E1: Риск | F1: Статус | H1: Следующий блок | I1: Когда нужен
A2: Денежный шок | B2: Кассовый разрыв, долговой стресс, дефицит ликвидности | D2: 0 | E2: 0 | F2: ОК | H2: Блок 8 | I2: Переход от ручного контроля к мандатам.
A3: Рыночный шок | B3: Падение спроса, потеря канала, изменение поведения клиента | D3: 1 | E3: 1 | F3: Разрыв | H3: Блок 9 | I3: Проверка AI / ИИ-допуска и контроля.
A4: Операционный сбой | B4: Производство, логистика, качество, нарушение сроков | D4: 2 | E4: 2 | F4: Критично | H4: Блок 10 | I4: Передать сигналы в панель управляемости.
A5: Кадровый шок | B5: Потеря ключевого лидера, конфликт, перегруз команды | D5: 3 | E5: 3 | H5: Блок 11 | I5: Собрать дорожную карту устойчивости.
A6: AI / ИИ или технологический сбой | B6: Данные, системы, безопасность, автоматизация | H6: Блок 12 | I6: Закрепить артефакты восстановления.
A7: Регуляторный / правовой шок | B7: Комплаенс, проверки, ограничения, юридический риск
A8: Репутационный шок | B8: Публичный конфликт, клиентский инцидент, доверие рынка
A9: Партнёрский шок | B9: Поставщик, подрядчик, банк, платформа, критичный внешний контур
