Workbook

Sheet 00_Панель
A1: CLM Блок 11. Панель дорожной карты
A3: Показатель | B3: Значение | C3: Норма | D3: Комментарий
A4: Клиент | B4: =IF('01_Ввод'!B4="","",'01_Ввод'!B4)
A5: Заполненность воронки | B5: ='04_Расчет'!B4 | C5: 80%+
A6: Заполненность roadmap / дорожной карты | B6: ='04_Расчет'!B8 | C6: 80%+
A7: Приоритетов делать первым | B7: =IF('04_Расчет'!B13="","Нет данных",'04_Расчет'!B5) | C7: 1-5
A8: Артефактов для Блока 12 | B8: =IF('04_Расчет'!B13="","Нет данных",'04_Расчет'!B12) | C8: 1+
A9: Roadmap Readiness Score | B9: ='04_Расчет'!B13 | C9: 75+
A10: Статус | B10: ='04_Расчет'!B14 | C10: GO / HOLD / NO-GO
A12: Короткий маршрут | F12: Что проверяет Блок 11
A13: Шаг | B13: Что сделать | C13: Что отсечь | D13: Выход | F13: Блок 11 переводит диагностику в ограниченную программу действий, а не собирает все инициативы компании.
A14: 1 | B14: Собрать сигналы из Блока 10 | C14: Пожелания без источника | D14: Список входов | F14: Нет источника CLM — нет действия. Нет владельца, метрики или артефакта — строка не готова.
A15: 2 | B15: Убрать дубли и слабые формулировки | C15: Повторы и общие слова | D15: Чистая воронка | F15: Выход Блока 11 — приоритеты 30 / 60 / 90 и список артефактов для Блока 12.
A16: 3 | B16: Назначить контур, владельца и горизонт | C16: Ничейные действия | D16: Roadmap / дорожная карта
A17: 4 | B17: Задать метрику и артефакт | C17: Непроверяемые обещания | D17: Передача в Блок 12
A18: 5 | B18: Проверить готовность | C18: Действия без закрепления | D18: GO / запускать
A20: Как пользоваться
A21: 1. Заполните 01_Ввод: сигнал Блока 10, владельца roadmap / дорожной карты и границы отсечения.
A22: 2. На 02_Воронка очистите входы: источник CLM, причина, контур, дедуп, владелец и приоритет.
A23: 3. На 03_Roadmap оставьте действия 30 / 60 / 90 с метриками и артефактами для Блока 12.
A24: 4. 04_Расчет не заполняется вручную.
A25: 5. 05_Отчет фиксирует решение для 4 сторон и передачу в Блок 12.

Sheet 01_Ввод
A1: CLM Блок 11. Ввод дорожной карты
A3: Поле | B3: Значение
A4: Клиент
A5: Дата запуска
A6: Главный сигнал из Блока 10
A7: Критичные приоритеты панели
A8: Главная причина потери управляемости
A9: Ограничение ресурса / бюджета
A10: Владелец roadmap / дорожной карты
A11: Ритм review / разбора
A12: Граница: что не включать
A13: Комментарий
A14: Версия дорожной карты
A16: Правило заполнения
A17: 1 | B17: Нет источника CLM — нет действия в roadmap / дорожной карте.
A18: 2 | B18: Сначала убрать дубли, пожелания без причины и действия без владельца.
A19: 3 | B19: Каждое действие должно иметь владельца, горизонт, метрику и артефакт закрепления.
A20: 4 | B20: Блок 11 передает в Блок 12 только артефакты, которые реально закрепляют изменение.

Sheet 02_Воронка
A1: Воронка дорожной карты CLM
A3: Источник CLM | B3: Сигнал / вывод | C3: Причина | D3: Контур | E3: Дубль? Да/Нет | F3: Эффект 0-3 | G3: Риск промедления 0-3 | H3: Срочность 0-3 | I3: Ресурс готов 0-3 | J3: Владелец | K3: Балл приоритета | L3: Решение
K4: =IF(COUNTA(F4:I4)<4,"",IF(E4="Да",0,ROUND((F4+G4+H4+I4)/4,1))) | L4: =IF(K4="","Не заполнено",IF(E4="Да","Не включать",IF(OR(A4="",C4="",J4=""),"Доработать",IF(K4>=2.4,"Делать первым",IF(K4>=1.6,"Планово","Не включать")))))
K5: =IF(COUNTA(F5:I5)<4,"",IF(E5="Да",0,ROUND((F5+G5+H5+I5)/4,1))) | L5: =IF(K5="","Не заполнено",IF(E5="Да","Не включать",IF(OR(A5="",C5="",J5=""),"Доработать",IF(K5>=2.4,"Делать первым",IF(K5>=1.6,"Планово","Не включать")))))
K6: =IF(COUNTA(F6:I6)<4,"",IF(E6="Да",0,ROUND((F6+G6+H6+I6)/4,1))) | L6: =IF(K6="","Не заполнено",IF(E6="Да","Не включать",IF(OR(A6="",C6="",J6=""),"Доработать",IF(K6>=2.4,"Делать первым",IF(K6>=1.6,"Планово","Не включать")))))
K7: =IF(COUNTA(F7:I7)<4,"",IF(E7="Да",0,ROUND((F7+G7+H7+I7)/4,1))) | L7: =IF(K7="","Не заполнено",IF(E7="Да","Не включать",IF(OR(A7="",C7="",J7=""),"Доработать",IF(K7>=2.4,"Делать первым",IF(K7>=1.6,"Планово","Не включать")))))
K8: =IF(COUNTA(F8:I8)<4,"",IF(E8="Да",0,ROUND((F8+G8+H8+I8)/4,1))) | L8: =IF(K8="","Не заполнено",IF(E8="Да","Не включать",IF(OR(A8="",C8="",J8=""),"Доработать",IF(K8>=2.4,"Делать первым",IF(K8>=1.6,"Планово","Не включать")))))
K9: =IF(COUNTA(F9:I9)<4,"",IF(E9="Да",0,ROUND((F9+G9+H9+I9)/4,1))) | L9: =IF(K9="","Не заполнено",IF(E9="Да","Не включать",IF(OR(A9="",C9="",J9=""),"Доработать",IF(K9>=2.4,"Делать первым",IF(K9>=1.6,"Планово","Не включать")))))
K10: =IF(COUNTA(F10:I10)<4,"",IF(E10="Да",0,ROUND((F10+G10+H10+I10)/4,1))) | L10: =IF(K10="","Не заполнено",IF(E10="Да","Не включать",IF(OR(A10="",C10="",J10=""),"Доработать",IF(K10>=2.4,"Делать первым",IF(K10>=1.6,"Планово","Не включать")))))
K11: =IF(COUNTA(F11:I11)<4,"",IF(E11="Да",0,ROUND((F11+G11+H11+I11)/4,1))) | L11: =IF(K11="","Не заполнено",IF(E11="Да","Не включать",IF(OR(A11="",C11="",J11=""),"Доработать",IF(K11>=2.4,"Делать первым",IF(K11>=1.6,"Планово","Не включать")))))
K12: =IF(COUNTA(F12:I12)<4,"",IF(E12="Да",0,ROUND((F12+G12+H12+I12)/4,1))) | L12: =IF(K12="","Не заполнено",IF(E12="Да","Не включать",IF(OR(A12="",C12="",J12=""),"Доработать",IF(K12>=2.4,"Делать первым",IF(K12>=1.6,"Планово","Не включать")))))
K13: =IF(COUNTA(F13:I13)<4,"",IF(E13="Да",0,ROUND((F13+G13+H13+I13)/4,1))) | L13: =IF(K13="","Не заполнено",IF(E13="Да","Не включать",IF(OR(A13="",C13="",J13=""),"Доработать",IF(K13>=2.4,"Делать первым",IF(K13>=1.6,"Планово","Не включать")))))
K14: =IF(COUNTA(F14:I14)<4,"",IF(E14="Да",0,ROUND((F14+G14+H14+I14)/4,1))) | L14: =IF(K14="","Не заполнено",IF(E14="Да","Не включать",IF(OR(A14="",C14="",J14=""),"Доработать",IF(K14>=2.4,"Делать первым",IF(K14>=1.6,"Планово","Не включать")))))
K15: =IF(COUNTA(F15:I15)<4,"",IF(E15="Да",0,ROUND((F15+G15+H15+I15)/4,1))) | L15: =IF(K15="","Не заполнено",IF(E15="Да","Не включать",IF(OR(A15="",C15="",J15=""),"Доработать",IF(K15>=2.4,"Делать первым",IF(K15>=1.6,"Планово","Не включать")))))

Sheet 03_Roadmap
A1: Roadmap / дорожная карта 30 / 60 / 90
A3: Горизонт | B3: Действие | C3: Источник CLM | D3: Причина | E3: Контур | F3: Владелец | G3: Метрика результата | H3: Артефакт для Блока 12 | I3: Старт | J3: Срок | K3: Прогресс 0-100 | L3: Статус
L4: =IF(B4="","",IF(OR(C4="",F4="",G4="",H4=""),"Доработать",IF(K4>=100,"Готово",IF(K4>0,"В работе","Запланировано"))))
L5: =IF(B5="","",IF(OR(C5="",F5="",G5="",H5=""),"Доработать",IF(K5>=100,"Готово",IF(K5>0,"В работе","Запланировано"))))
L6: =IF(B6="","",IF(OR(C6="",F6="",G6="",H6=""),"Доработать",IF(K6>=100,"Готово",IF(K6>0,"В работе","Запланировано"))))
L7: =IF(B7="","",IF(OR(C7="",F7="",G7="",H7=""),"Доработать",IF(K7>=100,"Готово",IF(K7>0,"В работе","Запланировано"))))
L8: =IF(B8="","",IF(OR(C8="",F8="",G8="",H8=""),"Доработать",IF(K8>=100,"Готово",IF(K8>0,"В работе","Запланировано"))))
L9: =IF(B9="","",IF(OR(C9="",F9="",G9="",H9=""),"Доработать",IF(K9>=100,"Готово",IF(K9>0,"В работе","Запланировано"))))
L10: =IF(B10="","",IF(OR(C10="",F10="",G10="",H10=""),"Доработать",IF(K10>=100,"Готово",IF(K10>0,"В работе","Запланировано"))))
L11: =IF(B11="","",IF(OR(C11="",F11="",G11="",H11=""),"Доработать",IF(K11>=100,"Готово",IF(K11>0,"В работе","Запланировано"))))
L12: =IF(B12="","",IF(OR(C12="",F12="",G12="",H12=""),"Доработать",IF(K12>=100,"Готово",IF(K12>0,"В работе","Запланировано"))))
L13: =IF(B13="","",IF(OR(C13="",F13="",G13="",H13=""),"Доработать",IF(K13>=100,"Готово",IF(K13>0,"В работе","Запланировано"))))
L14: =IF(B14="","",IF(OR(C14="",F14="",G14="",H14=""),"Доработать",IF(K14>=100,"Готово",IF(K14>0,"В работе","Запланировано"))))
L15: =IF(B15="","",IF(OR(C15="",F15="",G15="",H15=""),"Доработать",IF(K15>=100,"Готово",IF(K15>0,"В работе","Запланировано"))))

Sheet 04_Расчет
A1: Расчёт дорожной карты
A3: Показатель | B3: Значение | C3: Норма | D3: Источник | E3: Комментарий | G3: Как читать расчет
A4: Заполненность воронки | B4: =IFERROR(COUNT('02_Воронка'!K4:K15)/12,0) | C4: 80%+ | D4: 02_Воронка | G4: Roadmap Readiness Score показывает, готова ли дорожная карта к запуску и передаче артефактов в Блок 12.
A5: Делать первым | B5: =COUNTIF('02_Воронка'!L4:L15,"Делать первым") | C5: 1-5 | D5: 02_Воронка | G5: Дорожная карта без артефактов не закрепляет изменение, поэтому не считается готовой.
A6: Доработать | B6: =COUNTIF('02_Воронка'!L4:L15,"Доработать") | C6: контроль | D6: 02_Воронка
A7: Не включать | B7: =COUNTIF('02_Воронка'!L4:L15,"Не включать") | C7: контроль | D7: 02_Воронка
A8: Заполненность roadmap / дорожной карты | B8: =COUNT('03_Roadmap'!K4:K15)/12 | C8: 80%+ | D8: 03_Roadmap
A9: Действий 30 дней | B9: =COUNTIF('03_Roadmap'!A4:A15,"30 дней") | C9: 1+ | D9: 03_Roadmap
A10: Действий 60 дней | B10: =COUNTIF('03_Roadmap'!A4:A15,"60 дней") | C10: 1+ | D10: 03_Roadmap
A11: Действий 90 дней | B11: =COUNTIF('03_Roadmap'!A4:A15,"90 дней") | C11: 1+ | D11: 03_Roadmap
A12: Артефактов для Блока 12 | B12: =COUNTA('03_Roadmap'!H4:H15) | C12: 1+ | D12: 03_Roadmap
A13: Roadmap Readiness Score | B13: =IF(OR(B4<0.8,B8<0.8),"",ROUND((B4*0.25+B8*0.35+MIN(1,B5/3)*0.2+MIN(1,B12/3)*0.2)*100-IF(B6>0,5,0),0)) | C13: 75+ | D13: Сводный показатель
A14: Статус | B14: =IF(B13="","",IF(B13>=75,"GO / запускать",IF(B13>=50,"HOLD / пауза","NO-GO / остановить"))) | C14: GO / HOLD / NO-GO | D14: Порог Score
A15: Главный риск | B15: =IF(B13="","Недостаточно данных",IF(B5=0,"Нет приоритетов делать первым",IF(B12=0,"Нет артефактов для Блока 12",IF(B6>0,"Есть действия на доработке","Дорожная карта готова к закреплению")))) | C15: Автовывод | D15: Score + заполненность
A16: Рекомендуемый следующий блок | B16: ='05_Отчет'!B9 | C16: Блок 12 | D16: 05_Отчет

Sheet 05_Отчет
A1: Отчёт Блока 11
A3: Поле | B3: Вывод | F3: Формула вывода
A4: Клиент | B4: =IF('01_Ввод'!B4="","",'01_Ввод'!B4) | F4: Источник CLM → причина → действие → владелец → горизонт → метрика → артефакт Блока 12.
A5: Roadmap Readiness Score | B5: ='04_Расчет'!B13
A6: Статус | B6: ='04_Расчет'!B14
A7: Главный риск | B7: ='04_Расчет'!B15
A8: Рекомендуемый следующий блок
A9: Комментарий консультанта
A10: Первое действие 30 дней
A12: Решение для 4 сторон
A13: Сторона | B13: Что показать | C13: Что не включать | D13: Решение
A14: CEO / генеральный директор | B14: Ограниченный набор действий с владельцами, сроками и метриками | C14: Все идеи и пожелания без источника CLM
A15: C-level-команда / первый управленческий круг | B15: Кто за что отвечает и что изменится в 30 / 60 / 90 | C15: Закрытые персональные оценки
A16: Владелец компании | B16: Какие системные риски закрывает дорожная карта | C16: Операционные задачи без влияния на управляемость
A17: Board / совет директоров | B17: Приоритеты, горизонты, владельцев и проверяемый результат | C17: Детальную методологическую кухню
A19: Передача в Блок 12
A20: Артефакт | B20: Источник действия | C20: Владелец | D20: Статус

Sheet 90_Справочник
A1: Контур | B1: Что чинит | D1: Горизонт | E1: Смысл | G1: Сигнал | H1: Следующий шаг | I1: Когда нужен
A2: Роли и мандаты | B2: Права решений, ответственность, готовность роли | D2: 30 дней | E2: Остановить критический разрыв и назначить владельца. | G2: Нужны артефакты закрепления | H2: Блок 12 | I2: Передать карточки ролей, шаблоны решений, регламенты, журналы.
A3: Decision OS / система решений | B3: Путь решения, владелец, критерии, разбор | D3: 60 дней | E3: Перенастроить мандат, решение, данные или ритм. | G3: Нет источника CLM | H3: Не включать | I3: Вернуть в разбор, но не добавлять в roadmap / дорожную карту.
A4: Данные | B4: Источник, качество, единая версия фактов | D4: 90 дней | E4: Закрепить изменение в метрике и артефакте. | G4: Нет владельца или метрики | H4: Доработать | I4: Уточнить ответственность и проверяемый результат.
A5: Синхронизация | B5: Интерфейсы ролей, KPI, доверие | D5: 180 / 360 | E5: Только системные изменения C-level-ядра. | G5: Нужен новый цикл диагностики | H5: Блоки 3-10 | I5: Вернуться к источнику сигнала.
A6: Устойчивость | B6: Шоки, резервы, Recovery Loop / контур восстановления
A7: Лидерский переход | B7: Снижение ручного режима, передача мандатов
A8: AI / ИИ-контур | B8: Допуск, контроль, данные, экономика, fallback / резерв
