Workbook

Sheet 00_Панель
A1: CLM Блок 8. Панель лидерского перехода
A3: Показатель | B3: Значение | C3: Норма | D3: Комментарий
A4: Клиент | B4: =IF('01_Ввод'!B4="","",'01_Ввод'!B4)
A5: Заполненность карты перехода | B5: ='04_Расчет'!B4 | C5: 80%+
A6: Доля делегированных мандатов | B6: ='04_Расчет'!B8 | C6: 75%+
A7: Критичные зоны | B7: =IF('04_Расчет'!B10="","Нет данных",'04_Расчет'!B6+'04_Расчет'!B9) | C7: 0
A8: LTI / индекс лидерского перехода | B8: ='04_Расчет'!B10 | C8: 75+
A9: Статус | B9: ='04_Расчет'!B11 | C9: GO / HOLD / NO-GO
A11: Контроль заполнения | F11: Что проверяет Блок 8
A12: Слой | B12: Заполненность / число | C12: Норма | D12: Комментарий | F12: Блок 8 проверяет не личность CEO, а режим управления: где система зависит от ручного контроля первого лица.
A13: Карта перехода | B13: ='04_Расчет'!B4 | C13: 80%+ | F13: Главная логика: старый режим → лидерский сдвиг → передача мандатов → снижение риска отката.
A14: Карта мандатов | B14: ='04_Расчет'!B7 | C14: 80%+ | F14: Если решения, данные и мандаты формализованы, вывод можно передавать в Блок 9 для AI / ИИ-контура.
A15: Критичные зоны | B15: =IF('04_Расчет'!B10="","Нет данных",'04_Расчет'!B6+'04_Расчет'!B9) | C15: 0
A17: Как пользоваться
A18: 1. Заполните 01_Ввод: входы из Блоков 3–7 и место зависимости от CEO.
A19: 2. На 02_Переход оцените лидерские сдвиги: зрелость, зависимость от лидера, удар по системе.
A20: 3. На 03_Мандаты проверьте не задачи, а права решений, метрики, ритм и доверие.
A21: 4. 04_Расчет не заполняется вручную.
A22: 5. На 05_Отчет выберите следующий блок: чаще всего Блок 9, если AI / ИИ можно подключать к формализованным решениям.

Sheet 01_Ввод
A1: CLM Блок 8. Ввод лидерского перехода
A3: Поле | B3: Значение
A4: Клиент
A5: Дата запуска
A6: Главный разрыв из Блока 3
A7: Риск роли из Блока 4
A8: Сбой Decision OS / системы решений из Блока 5
A9: Сбой синхронизации из Блока 6
A10: Риск устойчивости из Блока 7
A11: Где система держится на CEO
A12: Владелец лидерского перехода
A13: Комментарий
A15: Правило заполнения
A16: 1 | B16: Блок 8 не оценивает личность CEO. Проверяется управленческий режим.
A17: 2 | B17: Сначала фиксируется, где решения возвращаются в ручной контроль.
A18: 3 | B18: Мандат считается переданным только если есть право решения, метрика и ритм.
A19: 4 | B19: AI / ИИ передается в Блок 9 только после формализации решений и владельцев.

Sheet 02_Переход
A1: Карта лидерского перехода
A3: Сдвиг | B3: Старый режим | C3: Новый режим CLM | D3: Текущая зрелость 0-3 | E3: Зависимость от лидера 0-3 | F3: Удар по системе 0-3 | G3: Факт / источник | H3: Действие перехода | I3: Балл риска | J3: Статус | K3: Комментарий
A4: От героя к архитектору | B4: Лидер лично спасает систему | C4: Лидер строит систему, которая работает без героизма | I4: =IF(COUNTA(D4:F4)<3,"",ROUND(((3-D4)+E4+F4)/3,1)) | J4: =IF(I4="","Не заполнено",IF(I4>=2.3,"Критично",IF(I4>=1.5,"Разрыв","ОК")))
A5: От контроля к мандатам | B5: Контроль задач и согласований | C5: Передача права решения, ответственности и метрики | I5: =IF(COUNTA(D5:F5)<3,"",ROUND(((3-D5)+E5+F5)/3,1)) | J5: =IF(I5="","Не заполнено",IF(I5>=2.3,"Критично",IF(I5>=1.5,"Разрыв","ОК")))
A6: От личного решения к Decision OS / системе решений | B6: Решения через личный доступ | C6: Решения идут через владельца, критерии, данные и разбор | I6: =IF(COUNTA(D6:F6)<3,"",ROUND(((3-D6)+E6+F6)/3,1)) | J6: =IF(I6="","Не заполнено",IF(I6>=2.3,"Критично",IF(I6>=1.5,"Разрыв","ОК")))
A7: От власти к доверию | B7: Решение держится на статусе | C7: Решение держится на прозрачности, фактах и доверии | I7: =IF(COUNTA(D7:F7)<3,"",ROUND(((3-D7)+E7+F7)/3,1)) | J7: =IF(I7="","Не заполнено",IF(I7>=2.3,"Критично",IF(I7>=1.5,"Разрыв","ОК")))
A8: От функций к развитию C-level | B8: Функции защищают себя | C8: Первый круг растет через мандаты и ответственность | I8: =IF(COUNTA(D8:F8)<3,"",ROUND(((3-D8)+E8+F8)/3,1)) | J8: =IF(I8="","Не заполнено",IF(I8>=2.3,"Критично",IF(I8>=1.5,"Разрыв","ОК")))
A9: От реакции к устойчивости | B9: Кризис решается вручную | C9: Резервы и ритмы включаются заранее | I9: =IF(COUNTA(D9:F9)<3,"",ROUND(((3-D9)+E9+F9)/3,1)) | J9: =IF(I9="","Не заполнено",IF(I9>=2.3,"Критично",IF(I9>=1.5,"Разрыв","ОК")))
A10: От AI / ИИ-пилота к управляемому контуру | B10: AI / ИИ остается экспериментом | C10: AI / ИИ получает мандат, данные и контроль допуска | I10: =IF(COUNTA(D10:F10)<3,"",ROUND(((3-D10)+E10+F10)/3,1)) | J10: =IF(I10="","Не заполнено",IF(I10>=2.3,"Критично",IF(I10>=1.5,"Разрыв","ОК")))

Sheet 03_Мандаты
A1: Карта делегирования мандатов
A3: Мандат | B3: Текущий владелец | C3: Целевой владелец | D3: Право решения передано 0/1 | E3: Метрика закреплена 0/1 | F3: Ритм контроля есть 0/1 | G3: Доверие к владельцу 0-3 | H3: Комментарий / источник | I3: Степень делегирования | J3: Статус
A4: Финансовый фильтр решений | B4: CEO | C4: CFO | I4: =IF(COUNTA(D4:G4)<4,"",ROUND((D4+E4+F4+G4/3)/4,2)) | J4: =IF(I4="","Не заполнено",IF(I4<0.5,"Критично",IF(I4<0.75,"Разрыв","ОК")))
A5: Операционный ритм исполнения | B5: CEO | C5: COO | I5: =IF(COUNTA(D5:G5)<4,"",ROUND((D5+E5+F5+G5/3)/4,2)) | J5: =IF(I5="","Не заполнено",IF(I5<0.5,"Критично",IF(I5<0.75,"Разрыв","ОК")))
A6: Коммерческое согласование продаж и маркетинга | B6: CEO | C6: CSO / CMO | I6: =IF(COUNTA(D6:G6)<4,"",ROUND((D6+E6+F6+G6/3)/4,2)) | J6: =IF(I6="","Не заполнено",IF(I6<0.5,"Критично",IF(I6<0.75,"Разрыв","ОК")))
A7: AI / ИИ-мандат | B7: CEO | C7: CAIO / CIO | I7: =IF(COUNTA(D7:G7)<4,"",ROUND((D7+E7+F7+G7/3)/4,2)) | J7: =IF(I7="","Не заполнено",IF(I7<0.5,"Критично",IF(I7<0.75,"Разрыв","ОК")))
A8: Доверие и культура C-level | B8: CEO | C8: CHRO | I8: =IF(COUNTA(D8:G8)<4,"",ROUND((D8+E8+F8+G8/3)/4,2)) | J8: =IF(I8="","Не заполнено",IF(I8<0.5,"Критично",IF(I8<0.75,"Разрыв","ОК")))
A9: Data / единая версия правды | B9: CEO | C9: CIO / CDO | I9: =IF(COUNTA(D9:G9)<4,"",ROUND((D9+E9+F9+G9/3)/4,2)) | J9: =IF(I9="","Не заполнено",IF(I9<0.5,"Критично",IF(I9<0.75,"Разрыв","ОК")))
A10: Ключевые кадровые решения | B10: CEO | C10: CHRO | I10: =IF(COUNTA(D10:G10)<4,"",ROUND((D10+E10+F10+G10/3)/4,2)) | J10: =IF(I10="","Не заполнено",IF(I10<0.5,"Критично",IF(I10<0.75,"Разрыв","ОК")))
A11: Продукт и клиентское обещание | B11: CEO | C11: CPO / CCO | I11: =IF(COUNTA(D11:G11)<4,"",ROUND((D11+E11+F11+G11/3)/4,2)) | J11: =IF(I11="","Не заполнено",IF(I11<0.5,"Критично",IF(I11<0.75,"Разрыв","ОК")))
A12: Стратегические инвестиции | B12: CEO | C12: CEO / CFO / Board | I12: =IF(COUNTA(D12:G12)<4,"",ROUND((D12+E12+F12+G12/3)/4,2)) | J12: =IF(I12="","Не заполнено",IF(I12<0.5,"Критично",IF(I12<0.75,"Разрыв","ОК")))
A13: Кризисная устойчивость | B13: CEO | C13: COO / риск-владелец | I13: =IF(COUNTA(D13:G13)<4,"",ROUND((D13+E13+F13+G13/3)/4,2)) | J13: =IF(I13="","Не заполнено",IF(I13<0.5,"Критично",IF(I13<0.75,"Разрыв","ОК")))

Sheet 04_Расчет
A1: Расчёт лидерского перехода
A3: Показатель | B3: Значение | C3: Норма | D3: Источник | E3: Комментарий | G3: Как читать расчет
A4: Заполненность карты перехода | B4: =IFERROR(COUNT('02_Переход'!I4:I10)/7,0) | C4: 80%+ | D4: 02_Переход | G4: LTI / индекс лидерского перехода показывает готовность уйти от ручного контроля к управлению через роли, мандаты, решения и доверие.
A5: Средний риск перехода | B5: =IFERROR(AVERAGE('02_Переход'!I4:I10),"") | C5: 0-1 | D5: 02_Переход | G5: Если есть критичные мандаты, хороший средний LTI не считается достаточным основанием для GO / запускать.
A6: Критичных сдвигов | B6: =COUNTIF('02_Переход'!J4:J10,"Критично") | C6: 0 | D6: 02_Переход
A7: Заполненность мандатов | B7: =IFERROR(COUNT('03_Мандаты'!I4:I13)/10,0) | C7: 80%+ | D7: 03_Мандаты
A8: Доля делегированных мандатов | B8: =IFERROR(AVERAGE('03_Мандаты'!I4:I13),"") | C8: 75%+ | D8: 03_Мандаты
A9: Критичных мандатов | B9: =COUNTIF('03_Мандаты'!J4:J13,"Критично") | C9: 0 | D9: 03_Мандаты
A10: LTI / индекс лидерского перехода | B10: =IF(OR(B4<0.8,B7<0.8),"",ROUND(((3-B5)/3*0.55+B8*0.45)*100-IF(B6+B9>0,10,0),0)) | C10: 75+ | D10: Сводный показатель
A11: Статус | B11: =IF(B10="","",IF(B10>=75,"GO / запускать",IF(B10>=50,"HOLD / пауза","NO-GO / остановить"))) | C11: GO / HOLD / NO-GO | D11: Порог LTI
A12: Главный риск | B12: =IF(B10="","Недостаточно данных",IF(B6+B9>0,"Есть критичные сдвиги или мандаты",IF(B8<0.75,"Мандаты переданы неполно",IF(B5>=1.5,"Риск отката к ручному режиму","Переход управляем")))) | C12: Автовывод | D12: LTI + критичные зоны
A13: Рекомендуемый следующий блок | B13: ='05_Отчет'!B9 | C13: Ручной выбор | D13: 05_Отчет
A14: Дата обновления | B14: =IF('01_Ввод'!B5="","",'01_Ввод'!B5) | C14: Дата | D14: 01_Ввод

Sheet 05_Отчет
A1: Отчёт Блока 8
A3: Поле | B3: Вывод | F3: Формула вывода
A4: Клиент | B4: =IF('01_Ввод'!B4="","",'01_Ввод'!B4) | F4: Старый режим → лидерский сдвиг → мандат → LTI / индекс лидерского перехода → план 30 / 60 / 90 → следующий блок CLM.
A5: LTI / индекс лидерского перехода | B5: ='04_Расчет'!B10
A6: Статус | B6: ='04_Расчет'!B11
A7: Главный риск | B7: ='04_Расчет'!B12
A8: Рекомендуемый следующий блок
A9: Комментарий консультанта
A10: Первое действие 30 дней
A12: Решение для 4 сторон
A13: Сторона | B13: Что показать | C13: Что не включать | D13: Решение
A14: CEO / генеральный директор | B14: Где его сила стала узким местом и какие решения надо отдать в систему | C14: Психологический портрет или обвинение личности
A15: C-level-команда / первый управленческий круг | B15: Мандаты, автономию, доверие и правила принятия решений | C15: Неясные пожелания быть самостоятельнее
A16: Владелец компании | B16: Снижение зависимости компании от ручного управления | C16: Список личных претензий к CEO
A17: Board / совет директоров | B17: Сигналы по преемственности, управляемости и риску отката | C17: Операционные детали без системного риска
A19: План 30 / 60 / 90
A20: Горизонт | B20: Цель | C20: Действие | D20: Метрика
A21: 30 дней | B21: Найти ручной контроль, слабые мандаты и точки отката
A22: 60 дней | B22: Передать права решений, закрепить владельцев и ритмы
A23: 90 дней | B23: Проверить устойчивость нового режима и готовность к AI / ИИ

Sheet 90_Справочник
A1: Лидерский сдвиг | B1: Старый режим | C1: Новый режим CLM | E1: Оценка | F1: Статус | G1: Смысл | I1: Сигнал | J1: Следующий блок | K1: Когда нужен
A2: От героя к архитектору | B2: Лидер лично спасает систему | C2: Лидер строит систему, которая работает без героизма | E2: 0 | F2: ОК | G2: Режим держится | I2: Лидерский режим стабилизирован | J2: Блок 9 | K2: Подключать AI / ИИ-контур поверх формализованных решений.
A3: От контроля к мандатам | B3: Контроль задач и согласований | C3: Передача права решения, ответственности и метрики | E3: 1 | F3: Разрыв | G3: Нужно усилить | I3: AI / ИИ-мандат не передан | J3: Блок 9 | K3: Отдельно проверить AI / ИИ-допуск, данные и владельца.
A4: От личного решения к Decision OS / системе решений | B4: Решения через личный доступ | C4: Решения идут через владельца, критерии, данные и разбор | E4: 2 | F4: Критично | G4: Риск отката | I4: Нужна постоянная видимость перехода | J4: Блок 10 | K4: Передать LTI, ручной контроль и мандаты в панель.
A5: От власти к доверию | B5: Решение держится на статусе | C5: Решение держится на прозрачности, фактах и доверии | E5: 3 | F5: Нет данных | G5: Недостаточно фактов | I5: Нужен план закрепления | J5: Блок 11 | K5: Развернуть план 30 / 60 / 90 в дорожную карту.
A6: От функций к развитию C-level | B6: Функции защищают себя | C6: Первый круг растет через мандаты и ответственность | I6: Нужны шаблоны мандатов | J6: Блок 12 | K6: Закрепить рабочие артефакты передачи решений.
A7: От реакции к устойчивости | B7: Кризис решается вручную | C7: Резервы и ритмы включаются заранее
A8: От AI / ИИ-пилота к управляемому контуру | B8: AI / ИИ остается экспериментом | C8: AI / ИИ получает мандат, данные и контроль допуска
