Workbook

Sheet 00_Панель
A1: CLM Блок 12. Панель библиотеки артефактов
A3: Показатель | B3: Значение | C3: Норма | D3: Комментарий
A4: Клиент | B4: =IF('01_Ввод'!B4="","",'01_Ввод'!B4)
A5: Заполненность регистра | B5: =IF('04_Расчет'!B13="","Нет данных",'04_Расчет'!B4) | C5: 100%
A6: Готовых артефактов | B6: =IF('04_Расчет'!B13="","Нет данных",'04_Расчет'!B5) | C6: 8
A7: Дублей к объединению | B7: =IF('04_Расчет'!B13="","Нет данных",'04_Расчет'!B7) | C7: 0
A8: Отдельных файлов | B8: =IF('04_Расчет'!B13="","Нет данных",'04_Расчет'!B9) | C8: по факту
A9: Artifact Library Score | B9: =IF('04_Расчет'!B13="","Нет данных",'04_Расчет'!B13) | C9: 75+
A10: Статус | B10: =IF('04_Расчет'!B14="","Нет данных",'04_Расчет'!B14) | C10: GO / HOLD / NO-GO
A12: Минимальный комплект: 8 артефактов | F12: Что проверяет Блок 12
A13: Артефакт | B13: Контур | C13: Решение | D13: Владелец | F13: Блок 12 не является складом документов. Он фиксирует только рабочие артефакты CLM.
A14: Матрица мандатов | B14: Роли и мандаты | C14: ='02_Регистр'!L4 | D14: ='02_Регистр'!E4 | F14: Decision Loop / цикл решений встроен в Decision Book / книгу решений и не считается девятым обязательным файлом.
A15: RACI / матрица ответственности | B15: Роли и мандаты | C15: ='02_Регистр'!L5 | D15: ='02_Регистр'!E5 | F15: Отдельный файл создаётся только после жесткого теста нужности.
A16: Decision Book / книга решений | B16: Decision OS / система решений | C16: ='02_Регистр'!L6 | D16: ='02_Регистр'!E6
A17: CLM Dashboard / панель | B17: Панель управляемости | C17: ='02_Регистр'!L7 | D17: ='02_Регистр'!E7
A18: Recovery Loop / контур восстановления | B18: Устойчивость | C18: ='02_Регистр'!L8 | D18: ='02_Регистр'!E8
A19: AI / ИИ-допуск | B19: AI / ИИ-контур | C19: ='02_Регистр'!L9 | D19: ='02_Регистр'!E9
A20: Data Pack / пакет данных | B20: Данные | C20: ='02_Регистр'!L10 | D20: ='02_Регистр'!E10
A21: Roadmap / дорожная карта CLM | B21: Roadmap / дорожная карта | C21: ='02_Регистр'!L11 | D21: ='02_Регистр'!E11
A23: Как пользоваться
A24: 1. Заполните 01_Ввод: вывод Блока 11, владельца библиотеки, доступ и ритм обновления.
A25: 2. На 02_Регистр проверьте 8 артефактов: владелец, доступ, источник, версия, дубли, готовность.
A26: 3. На 03_Тест решите, что держать отдельным файлом, что встроить, а что не создавать.
A27: 4. 04_Расчет не заполняется вручную.
A28: 5. 05_Отчет фиксирует финальный релизный контроль.

Sheet 01_Ввод
A1: CLM Блок 12. Ввод библиотеки артефактов
A3: Поле | B3: Значение
A4: Клиент
A5: Дата запуска
A6: Вывод из Блока 11
A7: Какие изменения нужно закрепить
A8: Владелец библиотеки
A9: Правило доступа
A10: Ритм обновления
A11: Хранилище / ссылка
A12: Граница: что не создавать
A13: Комментарий
A14: Версия библиотеки
A16: Правило заполнения
A17: 1 | B17: Блок 12 не является складом документов. Он фиксирует только рабочие артефакты CLM.
A18: 2 | B18: Отдельный файл создается только если без него CLM нельзя применить, проверить или повторить.
A19: 3 | B19: Decision Loop / цикл решений встроен в Decision Book / книгу решений и не считается девятым обязательным файлом.
A20: 4 | B20: Каждый артефакт должен иметь владельца, доступ, версию и ритм обновления.

Sheet 02_Регистр
A1: Регистр артефактов CLM
A3: Артефакт | B3: Назначение | C3: Контур | D3: Статус | E3: Владелец | F3: Доступ | G3: Источник / блок | H3: Ритм обновления | I3: Версия | J3: Дубль? Да/Нет | K3: Готовность 0-3 | L3: Решение
A4: Матрица мандатов | B4: Закрепляет роли, права решений и границы автономии | C4: Роли и мандаты | D4: Минимальный комплект | L4: =IF(K4="","Не заполнено",IF(J4="Да","Объединить",IF(OR(E4="",F4="",G4=""),"Доработать",IF(K4>=2,"Готов","Доработать"))))
A5: RACI / матрица ответственности | B5: Фиксирует участие ролей в действии или решении | C5: Роли и мандаты | D5: Минимальный комплект | L5: =IF(K5="","Не заполнено",IF(J5="Да","Объединить",IF(OR(E5="",F5="",G5=""),"Доработать",IF(K5>=2,"Готов","Доработать"))))
A6: Decision Book / книга решений | B6: Хранит решения, цикл решения, обязательства и разбор | C6: Decision OS / система решений | D6: Минимальный комплект | L6: =IF(K6="","Не заполнено",IF(J6="Да","Объединить",IF(OR(E6="",F6="",G6=""),"Доработать",IF(K6>=2,"Готов","Доработать"))))
A7: CLM Dashboard / панель | B7: Показывает состояние управляемости | C7: Панель управляемости | D7: Минимальный комплект | L7: =IF(K7="","Не заполнено",IF(J7="Да","Объединить",IF(OR(E7="",F7="",G7=""),"Доработать",IF(K7>=2,"Готов","Доработать"))))
A8: Recovery Loop / контур восстановления | B8: Закрепляет восстановление после сбоя | C8: Устойчивость | D8: Минимальный комплект | L8: =IF(K8="","Не заполнено",IF(J8="Да","Объединить",IF(OR(E8="",F8="",G8=""),"Доработать",IF(K8>=2,"Готов","Доработать"))))
A9: AI / ИИ-допуск | B9: Фиксирует правила запуска AI / ИИ-сценариев | C9: AI / ИИ-контур | D9: Минимальный комплект | L9: =IF(K9="","Не заполнено",IF(J9="Да","Объединить",IF(OR(E9="",F9="",G9=""),"Доработать",IF(K9>=2,"Готов","Доработать"))))
A10: Data Pack / пакет данных | B10: Собирает данные для управленческого решения | C10: Данные | D10: Минимальный комплект | L10: =IF(K10="","Не заполнено",IF(J10="Да","Объединить",IF(OR(E10="",F10="",G10=""),"Доработать",IF(K10>=2,"Готов","Доработать"))))
A11: Roadmap / дорожная карта CLM | B11: Закрепляет программу изменений | C11: Roadmap / дорожная карта | D11: Минимальный комплект | L11: =IF(K11="","Не заполнено",IF(J11="Да","Объединить",IF(OR(E11="",F11="",G11=""),"Доработать",IF(K11>=2,"Готов","Доработать"))))

Sheet 03_Тест
A1: Жёсткий тест отдельного файла
A3: Артефакт / кандидат | B3: Без файла CLM не работает? 0/1 | C3: Снижает ручной труд? 0/1 | D3: Есть владелец версии? 0/1 | E3: Не дублирует существующий артефакт? 0/1 | F3: Нужен доступ / контроль? 0/1 | G3: Комментарий | H3: Балл нужности | I3: Решение | J3: Куда встроить / создать | K3: Статус
A4: Матрица мандатов | H4: =IF(COUNTA(B4:F4)<5,"",SUM(B4:F4)) | I4: =IF(H4="","Не заполнено",IF(H4>=4,"Создать / держать отдельно",IF(H4>=2,"Встроить в блок","Не создавать"))) | K4: =IF(I4="Не заполнено","Не заполнено",IF(I4="Создать / держать отдельно","Готов к отдельному файлу",IF(I4="Встроить в блок","Встроенный артефакт","Исключить")))
A5: RACI / матрица ответственности | H5: =IF(COUNTA(B5:F5)<5,"",SUM(B5:F5)) | I5: =IF(H5="","Не заполнено",IF(H5>=4,"Создать / держать отдельно",IF(H5>=2,"Встроить в блок","Не создавать"))) | K5: =IF(I5="Не заполнено","Не заполнено",IF(I5="Создать / держать отдельно","Готов к отдельному файлу",IF(I5="Встроить в блок","Встроенный артефакт","Исключить")))
A6: Decision Book / книга решений | H6: =IF(COUNTA(B6:F6)<5,"",SUM(B6:F6)) | I6: =IF(H6="","Не заполнено",IF(H6>=4,"Создать / держать отдельно",IF(H6>=2,"Встроить в блок","Не создавать"))) | K6: =IF(I6="Не заполнено","Не заполнено",IF(I6="Создать / держать отдельно","Готов к отдельному файлу",IF(I6="Встроить в блок","Встроенный артефакт","Исключить")))
A7: CLM Dashboard / панель | H7: =IF(COUNTA(B7:F7)<5,"",SUM(B7:F7)) | I7: =IF(H7="","Не заполнено",IF(H7>=4,"Создать / держать отдельно",IF(H7>=2,"Встроить в блок","Не создавать"))) | K7: =IF(I7="Не заполнено","Не заполнено",IF(I7="Создать / держать отдельно","Готов к отдельному файлу",IF(I7="Встроить в блок","Встроенный артефакт","Исключить")))
A8: Recovery Loop / контур восстановления | H8: =IF(COUNTA(B8:F8)<5,"",SUM(B8:F8)) | I8: =IF(H8="","Не заполнено",IF(H8>=4,"Создать / держать отдельно",IF(H8>=2,"Встроить в блок","Не создавать"))) | K8: =IF(I8="Не заполнено","Не заполнено",IF(I8="Создать / держать отдельно","Готов к отдельному файлу",IF(I8="Встроить в блок","Встроенный артефакт","Исключить")))
A9: AI / ИИ-допуск | H9: =IF(COUNTA(B9:F9)<5,"",SUM(B9:F9)) | I9: =IF(H9="","Не заполнено",IF(H9>=4,"Создать / держать отдельно",IF(H9>=2,"Встроить в блок","Не создавать"))) | K9: =IF(I9="Не заполнено","Не заполнено",IF(I9="Создать / держать отдельно","Готов к отдельному файлу",IF(I9="Встроить в блок","Встроенный артефакт","Исключить")))
A10: Data Pack / пакет данных | H10: =IF(COUNTA(B10:F10)<5,"",SUM(B10:F10)) | I10: =IF(H10="","Не заполнено",IF(H10>=4,"Создать / держать отдельно",IF(H10>=2,"Встроить в блок","Не создавать"))) | K10: =IF(I10="Не заполнено","Не заполнено",IF(I10="Создать / держать отдельно","Готов к отдельному файлу",IF(I10="Встроить в блок","Встроенный артефакт","Исключить")))
A11: Roadmap / дорожная карта CLM | H11: =IF(COUNTA(B11:F11)<5,"",SUM(B11:F11)) | I11: =IF(H11="","Не заполнено",IF(H11>=4,"Создать / держать отдельно",IF(H11>=2,"Встроить в блок","Не создавать"))) | K11: =IF(I11="Не заполнено","Не заполнено",IF(I11="Создать / держать отдельно","Готов к отдельному файлу",IF(I11="Встроить в блок","Встроенный артефакт","Исключить")))

Sheet 04_Расчет
A1: Расчёт библиотеки артефактов
A3: Показатель | B3: Значение | C3: Норма | D3: Источник | E3: Комментарий | G3: Как читать расчет
A4: Заполненность регистра | B4: =IFERROR(COUNT('02_Регистр'!K4:K11)/8,0) | C4: 100% | D4: 02_Регистр | G4: Artifact Library Score показывает, готова ли библиотека закрепить CLM без лишней бюрократии.
A5: Готовых артефактов | B5: =COUNTIF('02_Регистр'!L4:L11,"Готов") | C5: 8 | D5: 02_Регистр | G5: Дубли и артефакты без владельца снижают готовность даже при полном списке файлов.
A6: Артефактов на доработке | B6: =COUNTIF('02_Регистр'!L4:L11,"Доработать") | C6: 0 | D6: 02_Регистр
A7: Дублей к объединению | B7: =COUNTIF('02_Регистр'!L4:L11,"Объединить") | C7: 0 | D7: 02_Регистр
A8: Заполненность теста отдельного файла | B8: =IFERROR(COUNT('03_Тест'!H4:H11)/8,0) | C8: 100% | D8: 03_Тест
A9: Отдельных файлов | B9: =COUNTIF('03_Тест'!I4:I11,"Создать / держать отдельно") | C9: по факту | D9: 03_Тест
A10: Встроенных артефактов | B10: =COUNTIF('03_Тест'!I4:I11,"Встроить в блок") | C10: по факту | D10: 03_Тест
A11: Исключенных кандидатов | B11: =COUNTIF('03_Тест'!I4:I11,"Не создавать") | C11: по факту | D11: 03_Тест
A12: Артефактов с доступом / контролем | B12: =COUNTIF('03_Тест'!F4:F11,1) | C12: 8 | D12: 03_Тест
A13: Artifact Library Score | B13: =IF(OR(B4<1,B8<1),"",ROUND((B5/8*0.45+B12/8*0.25+(1-MIN(1,(B6+B7)/8))*0.3)*100,0)) | C13: 75+ | D13: Сводный показатель
A14: Статус | B14: =IF(B13="","",IF(B13>=75,"GO / запускать",IF(B13>=50,"HOLD / пауза","NO-GO / остановить"))) | C14: GO / HOLD / NO-GO | D14: Порог Score
A15: Главный риск | B15: =IF(B13="","Недостаточно данных",IF(B7>0,"Есть дубли к объединению",IF(B6>0,"Есть артефакты на доработке",IF(B12<8,"Не у всех артефактов есть доступ / контроль","Библиотека готова к релизу")))) | C15: Автовывод | D15: Score + дубли
A16: Финальный вывод | B16: =IF('05_Отчет'!B9="","",'05_Отчет'!B9) | C16: Релиз / доработка | D16: 05_Отчет

Sheet 05_Отчет
A1: Отчёт Блока 12
A3: Поле | B3: Вывод | F3: Формула вывода
A4: Клиент | B4: =IF('01_Ввод'!B4="","",'01_Ввод'!B4) | F4: Изменение из Блока 11 → артефакт → владелец → доступ → версия → тест отдельного файла → релиз CLM.
A5: Artifact Library Score | B5: =IF('04_Расчет'!B13="","",'04_Расчет'!B13)
A6: Статус | B6: ='04_Расчет'!B14
A7: Главный риск | B7: ='04_Расчет'!B15
A8: Финальный вывод
A9: Комментарий консультанта
A10: Первое действие
A12: Решение для 4 сторон
A13: Сторона | B13: Что показать | C13: Что не включать | D13: Решение
A14: CEO / генеральный директор | B14: Минимальный комплект, владельцев, доступ и правила обновления | C14: Склад всех возможных шаблонов
A15: C-level-команда / первый управленческий круг | B15: Какими артефактами команда реально пользуется | C15: Закрытые или служебные документы
A16: Владелец компании | B16: Готовность CLM к повторяемому внедрению и контролю | C16: Методологические черновики
A17: Board / совет директоров | B17: Финальный статус комплекта, контроль версий и доступ | C17: Технические детали шаблонов
A19: Финальный контроль релиза
A20: Проверка | B20: Ответственный | C20: Статус | D20: Комментарий
A21: 8 обязательных артефактов очищены от дублей
A22: Есть владельцы и доступ
A23: Есть версии и ритм обновления
A24: Отдельные файлы прошли жесткий тест
A25: FAQ и Glossary / глоссарий не дублируются внутри блока
A26: Комплект готов к релизу

Sheet 90_Справочник
A1: Артефакт | B1: Назначение | C1: Контур | E1: Статус | F1: Смысл | H1: Сигнал | I1: Следующий шаг | J1: Когда нужен
A2: Матрица мандатов | B2: Закрепляет роли, права решений и границы автономии | C2: Роли и мандаты | E2: Минимальный комплект | F2: Нужен почти в каждом внедрении CLM. | H2: Библиотека готова | I2: Релиз CLM | J2: Можно использовать комплект у клиента.
A3: RACI / матрица ответственности | B3: Фиксирует участие ролей в действии или решении | C3: Роли и мандаты | E3: Расширенная библиотека | F3: Нужен только при конкретном кейсе. | H3: Есть дубли или кандидаты | I3: Оптимизация | J3: Объединить или убрать лишние артефакты.
A4: Decision Book / книга решений | B4: Хранит решения, цикл решения, обязательства и разбор | C4: Decision OS / система решений | E4: Встроен в CLM | F4: Живет внутри DOCX/XLSX соответствующего блока. | H4: Нет владельцев или доступа | I4: Доработать | J4: Назначить владельцев и правила обновления.
A5: CLM Dashboard / панель | B5: Показывает состояние управляемости | C5: Панель управляемости | E5: Кандидат на оптимизацию | F5: Полезен, но отдельный файл может создать бюрократию. | H5: Нужны отдельные файлы | I5: Сборка шаблонов | J5: Выпускать только после жесткого теста нужности.
A6: Recovery Loop / контур восстановления | B6: Закрепляет восстановление после сбоя | C6: Устойчивость | E6: Служебный слой | F6: Нужен для версий, доступа или сопровождения.
A7: AI / ИИ-допуск | B7: Фиксирует правила запуска AI / ИИ-сценариев | C7: AI / ИИ-контур
A8: Data Pack / пакет данных | B8: Собирает данные для управленческого решения | C8: Данные
A9: Roadmap / дорожная карта CLM | B9: Закрепляет программу изменений | C9: Roadmap / дорожная карта
