Workbook

Sheet 00_Панель
A1: CLM Блок 10. Панель управляемости
A3: Показатель | B3: Значение | C3: Норма | D3: Комментарий
A4: Клиент | B4: =IF('01_Ввод'!B4="","",'01_Ввод'!B4)
A5: Заполненность приборов | B5: ='04_Расчет'!B4 | C5: 100%
A6: Среднее состояние панели | B6: ='04_Расчет'!B5 | C6: 75+
A7: Критичных приборов | B7: =IF('04_Расчет'!B11="","Нет данных",'04_Расчет'!B8) | C7: 0
A8: Приоритетов для Блока 11 | B8: =IF('04_Расчет'!B11="","Нет данных",'04_Расчет'!B9) | C8: 1-7
A9: Dashboard Readiness Score | B9: ='04_Расчет'!B11 | C9: 75+
A10: Статус | B10: ='04_Расчет'!B12 | C10: GO / HOLD / NO-GO
A12: 7 приборов панели | F12: Что проверяет Блок 10
A13: Прибор | B13: Статус | C13: Владелец реакции | D13: Передать в Блок 11? | F13: Блок 10 не собирает все возможные метрики. Он оставляет 7 приборов управляемости и владельцев реакции.
A14: Состояние ядра | B14: ='02_Приборы'!I4 | C14: CEO / куратор CLM | D14: ='02_Приборы'!J4 | F14: Метрика без источника, владельца реакции и ритма обновления не считается элементом панели.
A15: Роли и мандаты | B15: ='02_Приборы'!I5 | C15: CEO / владелец архитектуры ролей | D15: ='02_Приборы'!J5 | F15: Критический сигнал передаётся в Блок 11 только если понятны причина, владелец, горизонт и проверяемый результат.
A16: Решения | B16: ='02_Приборы'!I6 | C16: Владелец Decision OS / CEO / COO | D16: ='02_Приборы'!J6
A17: Данные | B17: ='02_Приборы'!I7 | C17: CFO / CIO / владелец данных | D17: ='02_Приборы'!J7
A18: Синхронизация | B18: ='02_Приборы'!I8 | C18: CEO / владелец интерфейса ролей | D18: ='02_Приборы'!J8
A19: Устойчивость | B19: ='02_Приборы'!I9 | C19: COO / владелец риска | D19: ='02_Приборы'!J9
A20: AI / ИИ-допуск | B20: ='02_Приборы'!I10 | C20: Владелец AI / ИИ-сценария | D20: ='02_Приборы'!J10
A22: Как пользоваться
A23: 1. Заполните 01_Ввод: входы из Блоков 3–9 и владельца панели.
A24: 2. На 02_Приборы внесите значения 7 приборов, тренд, владельца реакции и факт.
A25: 3. На 03_Сигналы сформируйте приоритеты, которые реально уйдут в Блок 11.
A26: 4. 04_Расчет не заполняется вручную.
A27: 5. 05_Отчет отделяет открытую панель от закрытого диагностического слоя.

Sheet 01_Ввод
A1: CLM Блок 10. Ввод панели управляемости
A3: Поле | B3: Значение
A4: Клиент
A5: Дата запуска
A6: Вывод из Блока 3: состояние C-level-ядра
A7: Вывод из Блока 4: роли и мандаты
A8: Вывод из Блока 5: решения
A9: Вывод из Блока 6: синхронизация
A10: Вывод из Блока 7: устойчивость
A11: Вывод из Блока 8: лидерский переход
A12: Вывод из Блока 9: AI / ИИ-допуск
A13: Владелец панели
A14: Комментарий
A16: Правило заполнения
A17: 1 | B17: Блок 10 не собирает все метрики. Он оставляет 7 приборов управляемости.
A18: 2 | B18: Метрика допускается в панель только если есть источник, владелец реакции и ритм обновления.
A19: 3 | B19: Открытая панель отделяется от закрытой диагностики.
A20: 4 | B20: Критические сигналы передаются в Блок 11 как приоритеты дорожной карты.

Sheet 02_Приборы
A1: 7 приборов панели CLM
A3: Прибор | B3: Сущность | C3: Источник | D3: Значение 0-100 | E3: Тренд | F3: Владелец реакции | G3: Ритм | H3: Комментарий / факт | I3: Статус | J3: Передать в Блок 11?
A4: Состояние ядра | B4: CSS / индекс согласованности C-suite | C4: Блок 3 | F4: CEO / куратор CLM | G4: Ежемесячно | I4: =IF(D4="","Не заполнено",IF(D4>=75,"Норма",IF(D4>=50,"Риск","Критично"))) | J4: =IF(OR(I4="Риск",I4="Критично"),"Да","Нет")
A5: Роли и мандаты | B5: Готовность ролей и мандатов | C5: Блок 4 | F5: CEO / владелец архитектуры ролей | G5: Ежемесячно | I5: =IF(D5="","Не заполнено",IF(D5>=75,"Норма",IF(D5>=50,"Риск","Критично"))) | J5: =IF(OR(I5="Риск",I5="Критично"),"Да","Нет")
A6: Решения | B6: DVI + Reopen Rate | C6: Блок 5 | F6: Владелец Decision OS / CEO / COO | G6: Еженедельно | I6: =IF(D6="","Не заполнено",IF(D6>=75,"Норма",IF(D6>=50,"Риск","Критично"))) | J6: =IF(OR(I6="Риск",I6="Критично"),"Да","Нет")
A7: Данные | B7: IR / индекс готовности данных | C7: Блоки 3, 5, 9 | F7: CFO / CIO / владелец данных | G7: Ежемесячно | I7: =IF(D7="","Не заполнено",IF(D7>=75,"Норма",IF(D7>=50,"Риск","Критично"))) | J7: =IF(OR(I7="Риск",I7="Критично"),"Да","Нет")
A8: Синхронизация | B8: RC / согласованность ролей | C8: Блок 6 | F8: CEO / владелец интерфейса ролей | G8: Ежемесячно | I8: =IF(D8="","Не заполнено",IF(D8>=75,"Норма",IF(D8>=50,"Риск","Критично"))) | J8: =IF(OR(I8="Риск",I8="Критично"),"Да","Нет")
A9: Устойчивость | B9: RSI / устойчивость и восстановление | C9: Блок 7 | F9: COO / владелец риска | G9: Ежеквартально / по событию | I9: =IF(D9="","Не заполнено",IF(D9>=75,"Норма",IF(D9>=50,"Риск","Критично"))) | J9: =IF(OR(I9="Риск",I9="Критично"),"Да","Нет")
A10: AI / ИИ-допуск | B10: GO / HOLD / NO-GO AI / ИИ-сценариев | C10: Блок 9 | F10: Владелец AI / ИИ-сценария | G10: Еженедельно / по сценарию | I10: =IF(D10="","Не заполнено",IF(D10>=75,"Норма",IF(D10>=50,"Риск","Критично"))) | J10: =IF(OR(I10="Риск",I10="Критично"),"Да","Нет")

Sheet 03_Сигналы
A1: Сигналы и передача в Блок 11
A3: Приоритет | B3: Прибор | C3: Сигнал | D3: Причина | E3: Владелец реакции | F3: Горизонт | G3: Проверяемый результат | H3: Видимость | I3: Готовность 0-3 | J3: Статус передачи
A4: 1 | J4: =IF(B4="","",IF(I4>=2,"Готово к Блоку 11","Доработать"))
A5: 2 | J5: =IF(B5="","",IF(I5>=2,"Готово к Блоку 11","Доработать"))
A6: 3 | J6: =IF(B6="","",IF(I6>=2,"Готово к Блоку 11","Доработать"))
A7: 4 | J7: =IF(B7="","",IF(I7>=2,"Готово к Блоку 11","Доработать"))
A8: 5 | J8: =IF(B8="","",IF(I8>=2,"Готово к Блоку 11","Доработать"))
A9: 6 | J9: =IF(B9="","",IF(I9>=2,"Готово к Блоку 11","Доработать"))
A10: 7 | J10: =IF(B10="","",IF(I10>=2,"Готово к Блоку 11","Доработать"))
A11: 8 | J11: =IF(B11="","",IF(I11>=2,"Готово к Блоку 11","Доработать"))
A12: 9 | J12: =IF(B12="","",IF(I12>=2,"Готово к Блоку 11","Доработать"))
A13: 10 | J13: =IF(B13="","",IF(I13>=2,"Готово к Блоку 11","Доработать"))

Sheet 04_Расчет
A1: Расчёт панели управляемости
A3: Показатель | B3: Значение | C3: Норма | D3: Источник | E3: Комментарий | G3: Как читать расчет
A4: Заполненность приборов | B4: =IFERROR(COUNT('02_Приборы'!D4:D10)/7,0) | C4: 100% | D4: 02_Приборы | G4: Dashboard Readiness Score показывает, готова ли панель быть управленческим экраном, а не справочным отчетом.
A5: Среднее состояние панели | B5: =IFERROR(AVERAGE('02_Приборы'!D4:D10),"") | C5: 75+ | D5: 02_Приборы | G5: Критичные приборы и отсутствие готовых приоритетов для Блока 11 снижают итоговый статус.
A6: Приборов в норме | B6: =COUNTIF('02_Приборы'!I4:I10,"Норма") | C6: 5+ | D6: 02_Приборы
A7: Приборов в риске | B7: =COUNTIF('02_Приборы'!I4:I10,"Риск") | C7: контроль | D7: 02_Приборы
A8: Критичных приборов | B8: =COUNTIF('02_Приборы'!I4:I10,"Критично") | C8: 0 | D8: 02_Приборы
A9: Приоритетов для Блока 11 | B9: =COUNTIF('02_Приборы'!J4:J10,"Да") | C9: 1-7 | D9: 03_Сигналы
A10: Готовых передач в Блок 11 | B10: =COUNTIF('03_Сигналы'!J4:J13,"Готово к Блоку 11") | C10: по факту | D10: 03_Сигналы
A11: Dashboard Readiness Score | B11: =IF(B4<1,"",ROUND(B5-IF(B8>0,10,0)-IF(B10=0,5,0),0)) | C11: 75+ | D11: Сводный показатель
A12: Статус | B12: =IF(B11="","",IF(B11>=75,"GO / запускать",IF(B11>=50,"HOLD / пауза","NO-GO / остановить"))) | C12: GO / HOLD / NO-GO | D12: Порог Score
A13: Главный риск | B13: =IF(B11="","Недостаточно данных",IF(B8>0,"Есть критичные приборы панели",IF(B10=0,"Нет готовых приоритетов для Блока 11",IF(B7>0,"Есть зоны риска","Панель управляемости готова")))) | C13: Автовывод | D13: Score + критичные зоны
A14: Рекомендуемый следующий блок | B14: ='05_Отчет'!B9 | C14: Ручной выбор | D14: 05_Отчет

Sheet 05_Отчет
A1: Отчёт Блока 10
A3: Поле | B3: Вывод | F3: Формула вывода
A4: Клиент | B4: =IF('01_Ввод'!B4="","",'01_Ввод'!B4) | F4: 7 приборов → статус → владелец реакции → сигнал → приоритет Блока 11.
A5: Dashboard Readiness Score | B5: ='04_Расчет'!B11
A6: Статус | B6: ='04_Расчет'!B12
A7: Главный риск | B7: ='04_Расчет'!B13
A8: Рекомендуемый следующий блок
A9: Комментарий консультанта
A10: Первое действие
A12: Решение для 4 сторон
A13: Сторона | B13: Что показать | C13: Что не включать | D13: Решение
A14: CEO / генеральный директор | B14: Короткий экран: где управляемость проседает и кто реагирует | C14: Все частные метрики и персональные оценки
A15: C-level-команда / первый управленческий круг | B15: Общую версию фактов, статус 7 приборов и владельцев реакции | C15: Закрытый диагностический слой
A16: Владелец компании | B16: Критические сигналы верхнего контура и динамику вмешательств | C16: Операционные детали без системного риска
A17: Board / совет директоров | B17: Сводный статус, критические сигналы и передачу в Блок 11 | C17: Непроверенные или чувствительные персональные выводы
A19: Передача в Блок 11
A20: Приоритет | B20: Сигнал | C20: Владелец | D20: Горизонт
A21: 1
A22: 2
A23: 3
A24: 4
A25: 5
A26: 6
A27: 7

Sheet 90_Справочник
A1: Прибор | B1: Сущность | C1: Источник | D1: Типовой владелец | E1: Ритм | G1: Статус | H1: Как читать | I1: Действие | K1: Сигнал | L1: Следующий блок | M1: Когда нужен
A2: Состояние ядра | B2: CSS / индекс согласованности C-suite | C2: Блок 3 | D2: CEO / куратор CLM | E2: Ежемесячно | G2: Норма | H2: Значение в допустимой зоне | I2: Наблюдать по ритму | K2: Есть критические сигналы | L2: Блок 11 | M2: Передать приоритеты в дорожную карту 30 / 60 / 90.
A3: Роли и мандаты | B3: Готовность ролей и мандатов | C3: Блок 4 | D3: CEO / владелец архитектуры ролей | E3: Ежемесячно | G3: Риск | H3: Есть предупреждение или ухудшение | I3: Назначить владельца реакции | K3: Нужны рабочие шаблоны | L3: Блок 12 | M3: Закрепить форму панели, журнал сигналов и артефакты.
A4: Решения | B4: DVI + Reopen Rate | C4: Блок 5 | D4: Владелец Decision OS / CEO / COO | E4: Еженедельно | G4: Критично | H4: Система теряет управляемость | I4: Передать в Блок 11 | K4: Нет владельцев реакции | L4: Блоки 4-6 | M4: Вернуться к ролям, мандатам и синхронизации.
A5: Данные | B5: IR / индекс готовности данных | C5: Блоки 3, 5, 9 | D5: CFO / CIO / владелец данных | E5: Ежемесячно | G5: Не заполнено | H5: Нет данных или факта | I5: Не делать вывод | K5: Нет данных | L5: Блоки 3, 5, 9 | M5: Уточнить источники, Decision OS / систему решений и AI / ИИ-допуск.
A6: Синхронизация | B6: RC / согласованность ролей | C6: Блок 6 | D6: CEO / владелец интерфейса ролей | E6: Ежемесячно
A7: Устойчивость | B7: RSI / устойчивость и восстановление | C7: Блок 7 | D7: COO / владелец риска | E7: Ежеквартально / по событию
A8: AI / ИИ-допуск | B8: GO / HOLD / NO-GO AI / ИИ-сценариев | C8: Блок 9 | D8: Владелец AI / ИИ-сценария | E8: Еженедельно / по сценарию
