Workbook

Sheet Пульт
A1: Контур Маржи — Сопровождение
A3: Показатель | B3: Значение | D3: Статус недель | E3: Количество
A4: Выполнение ритма | B4: =IFERROR(COUNTIF('12 недель'!D5:D16,"проведено")/COUNTA('12 недель'!A5:A16),0) | D4: запланировано | E4: =COUNTIF('12 недель'!D5:D16,D4)
A5: Красных зон месяца | B5: =COUNTIF('Метрики месяца'!E5:E50,"красная") | D5: проведено | E5: =COUNTIF('12 недель'!D5:D16,D5)
A6: Решений без владельца | B6: =COUNTIFS('Решения месяца'!C5:C100,"<>",'Решения месяца'!D5:D100,"") | D6: просрочено | E6: =COUNTIF('12 недель'!D5:D16,D6)
A7: Просроченных решений | B7: =SUMPRODUCT(('Решения месяца'!C5:C100<>"")*('Решения месяца'!E5:E100<>"")*('Решения месяца'!E5:E100<TODAY())*('Решения месяца'!G5:G100<>"закрыто"))
A8: Сценариев без решения | B8: =COUNTIFS('Сценарии'!A5:A50,"<>",'Сценарии'!E5:E50,"")
A9: Доля фактов в кейсе | B9: =IFERROR(COUNTIF('Кейс'!B5:B50,"факт")/COUNTA('Кейс'!B5:B50),0)
A10: Кейс готов к использованию | B10: =IF(B9>=0.7,"готов","не готов")

Sheet 12 недель
A1: 12-недельный ритм-план
A4: Неделя | B4: Тип встречи | C4: Фокус | D4: Статус
A5: 1 | D5: запланировано
A6: 2 | D6: запланировано
A7: 3 | D7: запланировано
A8: 4 | D8: запланировано
A9: 5 | D9: запланировано
A10: 6 | D10: запланировано
A11: 7 | D11: запланировано
A12: 8 | D12: запланировано
A13: 9 | D13: запланировано
A14: 10 | D14: запланировано
A15: 11 | D15: запланировано
A16: 12 | D16: запланировано

Sheet Метрики месяца
A1: Метрики месяца
A4: Метрика | B4: Прошлый месяц | C4: Текущий месяц | D4: Изменение | E4: Зона | F4: Решение
D5: =IF(OR(B5="",C5=""),"",C5-B5)
D6: =IF(OR(B6="",C6=""),"",C6-B6)
D7: =IF(OR(B7="",C7=""),"",C7-B7)
D8: =IF(OR(B8="",C8=""),"",C8-B8)
D9: =IF(OR(B9="",C9=""),"",C9-B9)
D10: =IF(OR(B10="",C10=""),"",C10-B10)
D11: =IF(OR(B11="",C11=""),"",C11-B11)
D12: =IF(OR(B12="",C12=""),"",C12-B12)
D13: =IF(OR(B13="",C13=""),"",C13-B13)
D14: =IF(OR(B14="",C14=""),"",C14-B14)
D15: =IF(OR(B15="",C15=""),"",C15-B15)
D16: =IF(OR(B16="",C16=""),"",C16-B16)
... D50: =IF(OR(B50="",C50=""),"",C50-B50)

Sheet Решения месяца
A1: Решения месяца
A4: Красная зона | B4: Причина | C4: Решение | D4: Владелец | E4: Срок | F4: Метрика проверки | G4: Статус

Sheet Квартальная ревизия
A1: Квартальная ревизия
A4: Блок | B4: Что проверяем | C4: Вывод | D4: Решение следующего квартала / Q+1
A5: Ассортимент | B5: HERO-TAIL, красные SKU
A6: Каналы | B6: маржа, CI, Price Gap
A7: Промо | B7: ROMI, Fee Stack, Net Margin
A8: Запасы | B8: DSI, OSA, TDB
A9: Возвраты | B9: CTR, NRL, причины
A10: Упаковка / штрафы | B10: Penalty Rate, Damage
A11: Ответственность | B11: RACI, просрочки
A12: Денежный поток | B12: Cash Need / потребность в деньгах, сценарии

Sheet Сценарии
A1: Сценарии
A4: Сценарий | B4: Что меняется | C4: Какие SKU x канал краснеют | D4: Влияние на деньги | E4: Решение
A5: Комиссия маркетплейса 35 %
A6: LT / срок поставки +5 дней
A7: Возвраты +10 п.п.
A8: Ставка финансирования +2 п.п.
A9: Курс закупки ухудшился

Sheet Кейс
A1: Кейс
A4: Утверждение | B4: Статус | C4: Основание | D4: Можно использовать в кейсе?

Sheet Справочники
A1: Статусы | B1: Зоны | C1: Статусы кейса | D1: Да / нет
A2: запланировано | B2: зелёная | C2: факт | D2: да
A3: проведено | B3: жёлтая | C3: гипотеза | D3: нет
A4: просрочено | B4: красная | C4: модельный расчёт
A5: отменено | C5: не подтверждено
